PracticeCode,Sex,Ages00to04,Ages05to09,Ages10to14,Ages15to19,Ages20to24,Ages25to29,Ages30to34,Ages35to39,Ages40to44,Ages45to49,Ages50to54,Ages55to59,Ages60to64,Ages65to69,Ages70to74,Ages75to79,Ages80to84,Ages85plus
10002,Female,166,195,199,238,195,192,246,303,260,282,299,350,348,309,249,228,137,112
10002,Male,180,210,269,219,195,191,230,259,279,260,274,291,345,300,228,221,121,100
10017,Female,111,142,203,337,195,174,219,217,226,193,248,281,273,248,230,203,162,190
10017,Male,124,185,230,365,232,160,206,214,233,198,242,266,303,249,206,212,128,125
10036,Female,63,83,107,117,88,98,116,140,138,150,158,189,226,183,175,146,104,111
10036,Male,84,103,111,110,125,124,127,147,144,144,163,207,215,208,142,154,82,67
10106,Female,85,87,155,179,128,120,148,150,208,192,222,223,243,256,213,270,182,239
10106,Male,106,122,158,204,149,138,147,142,179,178,196,224,261,217,200,211,144,131
10125,Female,71,84,92,110,84,81,112,138,134,115,151,178,236,226,190,160,114,100
10125,Male,95,77,86,113,91,112,96,141,120,128,150,150,211,222,183,149,97,60
10182,Female,172,208,242,265,228,257,286,286,310,261,321,369,367,331,308,295,211,192
10182,Male,167,231,244,246,291,282,303,320,326,287,327,357,367,300,240,231,160,104
10233,Female,138,186,189,206,201,205,242,237,255,209,212,255,243,203,161,176,129,103
10233,Male,135,188,210,200,189,195,250,215,261,207,250,257,249,218,162,141,93,77
10286,Female,114,116,164,145,174,161,162,184,162,156,169,190,174,191,116,116,86,91
10286,Male,139,124,155,153,149,141,192,173,191,144,183,171,185,127,140,116,48,39
10322,Female,179,196,262,214,214,234,309,271,307,268,264,305,309,298,240,236,137,123
10322,Male,185,205,258,243,209,264,302,277,298,284,257,287,277,265,219,219,113,98
10361,Female,200,242,249,295,230,279,290,305,360,293,369,489,473,403,323,302,209,199
10361,Male,214,249,319,303,263,282,329,312,349,349,336,386,436,381,338,274,176,158
10407,Female,135,165,174,197,142,168,206,215,230,208,253,272,321,318,290,311,205,224
10407,Male,135,163,199,196,164,191,231,216,232,207,212,259,295,302,285,261,166,149
10445,Female,92,93,108,90,57,120,123,142,127,119,110,136,166,152,124,96,72,89
10445,Male,78,104,104,102,79,98,151,126,135,115,105,138,166,137,142,96,60,54
10498,Female,154,190,239,243,192,235,269,255,249,232,272,293,330,302,252,200,166,177
10498,Male,162,220,226,246,241,242,267,278,259,249,272,308,345,300,253,178,122,99
10638,Female,237,255,348,385,311,317,346,397,432,428,458,473,585,512,426,494,280,248
10638,Male,198,296,351,359,351,351,349,364,417,403,396,460,513,432,415,429,228,184
10708,Female,44,35,61,63,30,49,54,49,67,71,100,107,136,114,109,140,80,100
10708,Male,34,46,79,56,46,51,65,47,65,57,89,112,107,125,127,91,69,57
10746,Female,114,142,162,152,132,179,176,195,201,185,192,272,244,233,216,168,121,110
10746,Male,111,134,156,171,135,167,203,203,228,173,193,219,241,241,205,165,110,74
10835,Female,73,96,116,109,90,65,123,120,128,112,132,182,168,130,127,114,83,90
10835,Male,58,113,116,110,88,102,124,145,125,112,128,145,176,113,111,100,67,60
11058,Female,89,122,130,305,1025,943,637,371,266,167,174,186,217,181,135,148,75,82
11058,Male,115,121,152,205,757,999,699,467,370,272,227,217,210,206,150,124,70,41
11096,Female,92,111,145,146,165,187,187,205,199,116,125,171,158,181,117,98,70,85
11096,Male,107,133,151,121,152,176,183,200,181,169,145,169,184,194,116,99,46,46
11128,Female,191,223,270,254,249,326,358,337,342,279,285,339,340,287,219,192,139,139
11128,Male,221,249,258,284,307,345,336,344,372,293,296,332,300,270,172,150,103,72
11166,Female,235,234,265,263,253,377,408,373,334,271,277,281,343,315,238,233,127,136
11166,Male,221,248,252,270,285,355,418,429,358,338,287,348,330,311,233,184,86,69
11171,Female,269,340,346,325,367,462,545,545,500,402,357,423,550,379,332,296,206,257
11171,Male,291,344,390,336,372,431,552,530,472,449,351,367,453,376,292,238,148,131
11221,Female,285,307,270,230,228,303,394,384,318,206,178,178,177,132,106,101,65,47
11221,Male,289,304,294,266,164,246,333,332,285,213,181,162,159,112,92,75,44,33
11289,Female,209,209,222,241,317,485,393,353,314,227,239,279,257,267,205,179,113,102
11289,Male,198,223,214,239,318,477,425,410,364,304,274,275,292,227,187,163,71,54
11306,Female,133,160,248,263,217,217,233,226,276,278,335,369,393,386,275,368,220,296
11306,Male,136,166,239,268,239,210,223,245,267,284,309,326,370,346,271,258,157,132
11363,Female,141,178,212,450,1069,859,455,389,285,232,200,208,251,232,156,127,98,116
11363,Male,184,186,185,329,685,872,705,522,412,331,251,239,241,232,156,136,70,59
11382,Female,172,220,243,246,251,304,306,334,300,246,252,267,305,254,171,166,102,101
11382,Male,199,231,268,298,272,305,345,375,325,259,262,309,276,202,174,139,77,55
11486,Female,177,239,250,210,261,318,333,350,253,223,224,242,258,229,170,138,73,100
11486,Male,186,211,245,256,271,338,343,324,323,250,208,261,223,231,155,123,66,46
11645,Female,176,202,257,263,264,305,306,368,345,261,265,299,287,262,192,168,77,83
11645,Male,189,258,320,306,307,351,335,367,342,236,248,271,251,238,168,144,65,62
11650,Female,150,194,242,242,259,274,330,341,302,243,224,240,254,261,167,160,98,112
11650,Male,160,220,203,226,218,283,359,346,326,262,242,264,275,241,183,157,80,63
11664,Female,65,99,101,91,63,65,104,133,127,106,134,164,136,114,89,80,49,49
11664,Male,89,97,107,117,81,64,98,114,107,120,130,127,139,114,90,84,42,42
11823,Female,200,252,258,275,231,247,317,333,333,258,247,287,275,259,202,175,124,123
11823,Male,206,240,285,288,254,260,304,326,319,254,266,273,262,251,178,154,87,61
11861,Female,133,180,206,197,268,351,334,298,263,197,187,235,262,212,156,173,126,120
11861,Male,175,191,208,226,301,414,437,404,365,294,235,259,238,215,163,143,83,65
11931,Female,137,138,157,168,196,223,239,216,242,180,194,272,275,227,159,149,103,88
11931,Male,117,149,193,207,210,220,249,261,251,196,224,249,266,222,153,133,76,54
12210,Female,110,153,150,155,164,207,200,219,198,176,167,158,173,170,146,117,61,84
12210,Male,111,158,158,163,164,186,209,213,224,186,169,183,181,154,130,80,34,41
12281,Female,84,130,120,263,932,471,361,256,239,164,181,178,190,164,128,132,76,90
12281,Male,104,133,131,215,550,525,405,344,319,240,179,224,181,177,130,100,62,51
12831,Female,117,132,169,143,191,212,219,230,178,143,150,136,163,131,78,82,47,56
12831,Male,130,138,170,149,156,191,220,251,216,162,146,155,178,136,85,86,41,33
13049,Female,74,93,81,123,132,116,124,147,120,132,151,182,191,170,138,140,94,74
13049,Male,83,101,101,106,91,112,114,135,134,121,139,155,191,139,128,151,64,61
13091,Female,48,77,71,65,33,61,66,84,69,77,86,112,126,115,116,95,64,62
13091,Male,53,70,71,62,66,69,75,74,71,75,74,106,129,111,110,87,69,46
13195,Female,82,103,111,121,120,118,144,164,142,131,166,184,199,181,157,165,113,88
13195,Male,88,102,118,116,130,98,122,121,152,122,134,181,163,179,143,154,90,58
13231,Female,142,168,200,263,194,182,218,233,257,264,272,338,342,316,282,271,174,162
13231,Male,139,192,226,243,231,221,236,267,283,262,304,366,362,317,281,273,154,127
13284,Female,184,153,198,189,172,208,258,232,226,227,235,277,317,276,238,206,125,153
13284,Male,189,173,217,178,174,192,210,242,225,197,217,249,305,267,205,210,107,99
13481,Female,172,208,239,281,212,218,214,239,282,286,359,434,432,367,332,309,210,197
13481,Male,152,205,254,299,253,195,205,240,253,267,301,413,437,350,304,274,178,121
13496,Female,120,162,152,132,95,128,162,190,199,165,163,180,165,183,141,110,68,69
13496,Male,148,142,151,148,105,96,147,170,184,146,161,176,153,164,146,119,76,49
13532,Female,144,207,228,237,189,196,206,291,292,243,302,358,375,340,245,275,195,182
13532,Male,144,196,263,258,211,223,223,258,277,242,276,342,360,322,248,235,165,103
13571,Female,229,295,348,316,252,244,309,346,370,386,377,380,404,371,353,453,271,296
13571,Male,235,299,337,338,251,262,259,326,337,332,342,331,383,365,308,327,236,167
13585,Female,79,120,142,164,131,119,165,127,187,195,199,193,217,194,165,183,111,101
13585,Male,82,141,159,159,149,133,163,166,195,201,203,198,217,195,159,169,97,59
13621,Female,153,163,190,193,170,187,220,208,246,194,269,277,272,257,210,199,124,132
13621,Male,120,194,218,217,167,203,220,220,206,207,226,274,274,232,180,195,92,76
13660,Female,93,114,154,131,117,130,150,141,141,144,147,221,182,169,146,115,78,75
13660,Male,85,125,132,164,143,154,158,153,140,143,162,205,193,134,146,114,49,58
13848,Female,94,139,163,147,140,168,200,215,232,200,237,249,245,213,174,168,119,110
13848,Male,112,151,184,193,183,167,206,233,228,222,234,206,260,209,165,160,101,63
13891,Female,199,212,235,266,288,333,342,345,357,275,320,324,375,318,289,236,169,179
13891,Male,232,235,260,288,274,328,356,357,348,330,278,326,311,261,207,216,139,96
13941,Female,196,249,303,293,250,267,322,366,380,350,340,401,357,333,275,244,177,212
13941,Male,208,287,315,329,289,306,333,374,379,334,348,387,368,307,258,204,142,107
13975,Female,79,97,110,128,110,163,162,147,130,134,124,138,84,84,92,83,45,52
13975,Male,93,122,117,121,149,167,204,190,170,152,135,116,94,88,62,64,32,31
14037,Female,304,333,442,546,441,445,502,514,519,468,525,625,669,574,559,506,338,360
14037,Male,328,351,464,579,506,478,432,527,508,491,458,551,604,538,462,439,261,250
14249,Female,180,200,198,230,194,287,311,308,291,250,216,250,247,216,186,158,94,87
14249,Male,148,216,232,213,277,341,388,349,330,273,235,247,253,203,199,145,76,51
14291,Female,174,231,215,228,199,275,357,312,306,255,275,322,316,302,212,225,155,157
14291,Male,169,220,245,249,274,341,407,381,357,300,302,295,360,288,232,161,99,112
14342,Female,130,164,200,158,170,185,247,272,202,195,210,224,200,174,185,138,123,112
14342,Male,118,178,188,165,180,238,258,275,258,229,209,198,195,186,147,123,86,65
14501,Female,60,68,86,86,84,143,131,146,147,144,157,198,228,219,182,178,100,151
14501,Male,65,92,108,82,75,125,156,174,172,159,141,189,209,211,170,169,91,98
14569,Female,85,100,97,92,89,89,140,141,135,131,165,171,190,151,113,121,72,68
14569,Male,89,117,127,119,109,119,132,115,153,131,127,160,185,159,115,120,61,50
16013,Female,64,78,74,77,88,120,124,116,108,107,119,141,153,123,97,106,58,53
16013,Male,63,83,101,95,100,107,142,127,123,115,135,155,149,161,105,93,52,29
16032,Female,135,160,179,173,129,150,178,187,195,162,219,303,287,300,237,213,137,147
16032,Male,134,159,171,166,141,173,179,190,167,175,190,256,314,261,227,206,126,99
16047,Female,18,19,33,34,42,23,24,38,38,26,59,70,85,83,66,55,45,38
16047,Male,25,22,34,36,30,33,29,32,36,38,44,91,86,75,68,66,50,28
16051,Female,106,143,189,171,141,134,144,209,212,222,266,279,284,278,237,239,170,144
16051,Male,116,183,188,202,186,160,150,178,188,187,220,275,279,272,214,214,138,99
16066,Female,159,237,245,237,196,182,247,272,258,269,289,360,421,421,322,284,181,132
16066,Male,149,246,248,246,225,202,254,288,295,283,300,393,415,380,330,267,157,114
16085,Female,103,133,166,165,134,185,177,190,211,203,251,322,272,308,277,264,158,163
16085,Male,118,153,167,203,168,221,190,201,194,183,206,272,327,272,241,244,141,106
16121,Female,81,107,111,115,110,82,110,144,163,148,175,207,202,162,156,141,86,102
16121,Male,83,104,119,151,141,100,143,128,118,155,168,184,200,175,150,114,86,72
16136,Female,177,209,266,287,263,255,288,303,351,283,398,528,521,547,431,462,300,321
16136,Male,227,237,295,291,258,244,297,294,289,309,320,440,474,501,436,417,270,212
16141,Female,91,118,145,136,128,133,168,154,156,125,205,249,220,241,184,191,149,119
16141,Male,87,130,139,143,136,138,168,182,172,141,172,259,228,214,173,138,107,91
16160,Female,92,116,187,165,127,125,136,164,197,176,249,213,268,219,158,174,112,140
16160,Male,75,128,167,200,167,136,129,168,176,187,223,251,228,177,176,164,89,75
16174,Female,45,101,113,128,72,94,91,106,141,129,138,165,154,148,121,92,65,72
16174,Male,63,104,113,99,96,78,93,86,145,121,137,143,165,136,99,88,62,50
16206,Female,66,64,55,71,63,67,82,94,95,88,134,171,180,228,162,157,111,126
16206,Male,70,54,74,80,77,95,77,109,106,94,119,152,165,195,165,151,108,69
16211,Female,114,135,148,142,118,125,135,188,188,179,221,217,259,208,196,202,124,139
16211,Male,106,131,153,192,118,122,150,182,197,192,198,264,215,186,179,194,93,74
16230,Female,78,109,129,128,96,130,156,142,183,128,154,154,174,147,149,143,74,74
16230,Male,89,134,128,127,101,127,139,146,161,136,137,168,174,139,137,119,64,40
16259,Female,97,127,122,149,186,193,227,196,159,161,174,198,202,177,153,156,81,117
16259,Male,98,118,110,152,146,174,191,187,168,172,151,172,205,162,163,113,70,68
16297,Female,73,109,145,159,158,176,181,160,157,150,170,160,173,139,142,122,65,54
16297,Male,67,135,125,141,146,160,184,180,198,188,163,154,193,150,119,110,45,40
16475,Female,32,26,38,37,42,43,44,36,42,36,52,77,65,57,44,48,30,18
16475,Male,28,41,44,27,34,37,35,49,40,33,42,64,67,57,43,39,29,17
16507,Female,136,146,205,211,154,140,172,220,201,178,225,267,284,269,227,221,138,126
16507,Male,125,161,199,186,145,158,194,207,187,182,212,259,255,225,225,218,118,59
16545,Female,212,258,318,294,271,350,365,364,321,313,367,480,464,424,354,354,218,250
16545,Male,271,267,309,267,287,324,337,376,341,333,359,457,488,435,373,341,202,144
16550,Female,73,118,123,157,90,84,87,136,158,155,190,210,183,165,150,106,70,56
16550,Male,90,129,163,137,129,83,107,116,142,120,168,213,192,149,160,107,53,46
16564,Female,55,75,82,87,92,74,78,89,118,96,115,157,143,140,113,99,69,77
16564,Male,79,80,81,102,95,89,84,82,93,78,132,140,150,104,110,104,50,59
18057,Female,51,60,88,95,61,66,98,97,89,84,99,123,135,114,78,91,70,42
18057,Male,58,77,91,85,84,88,91,119,91,79,109,124,113,117,83,78,49,41
18095,Female,81,122,100,110,108,100,128,122,147,104,140,167,172,158,138,126,98,87
18095,Male,82,111,144,136,127,109,132,126,135,96,146,152,179,174,125,119,67,53
18112,Female,10,12,13,10,13,17,19,12,14,13,19,38,48,28,29,30,12,10
18112,Male,7,11,15,16,12,19,22,12,16,16,28,25,38,47,33,39,22,6
18151,Female,58,77,97,91,79,94,101,108,109,94,140,159,184,190,126,144,104,99
18151,Male,63,77,103,114,84,74,90,101,100,101,130,153,175,164,151,128,78,56
18184,Female,114,139,189,159,149,164,186,218,211,165,205,262,312,259,231,214,147,138
18184,Male,149,146,201,188,150,177,162,209,187,172,187,228,270,244,221,195,106,102
18199,Female,83,111,154,142,114,110,139,138,161,179,181,240,322,310,267,294,178,179
18199,Male,70,126,136,174,135,116,153,166,145,166,182,239,307,280,265,223,144,109
18216,Female,52,80,98,102,82,80,88,95,117,102,135,150,175,167,164,144,117,100
18216,Male,52,98,90,99,85,107,103,100,117,99,115,130,164,139,125,118,86,70
18235,Female,13,20,28,39,24,29,32,39,39,48,70,95,103,76,84,69,34,38
18235,Male,18,31,35,38,41,41,42,53,42,40,61,84,113,94,71,56,41,28
18240,Female,69,86,96,105,101,90,93,130,106,123,147,191,236,216,238,202,135,125
18240,Male,74,88,94,126,104,104,130,123,135,140,148,202,215,222,204,206,111,98
18254,Female,44,55,66,57,78,61,87,84,65,69,82,127,147,126,104,70,57,54
18254,Male,60,51,52,72,59,78,72,85,82,74,85,113,138,124,111,69,54,35
18273,Female,102,153,183,217,180,186,198,221,208,237,254,298,259,221,202,191,140,133
18273,Male,121,144,200,209,239,237,241,238,234,218,225,291,253,217,173,165,76,89
18288,Female,88,86,91,126,113,72,133,145,109,120,125,176,163,101,100,70,41,52
18288,Male,80,108,111,126,119,101,119,137,139,107,131,194,164,123,97,73,30,31
18305,Female,194,209,232,239,197,283,332,313,272,236,296,340,430,344,250,238,203,194
18305,Male,203,256,220,246,218,271,307,323,313,243,261,314,390,321,235,221,145,108
18310,Female,272,363,382,398,320,375,452,507,496,403,442,468,540,475,391,394,253,239
18310,Male,275,363,348,414,317,358,439,503,473,397,422,467,513,419,364,335,206,149
18339,Female,66,83,102,87,91,67,106,88,127,103,123,180,181,139,145,150,83,93
18339,Male,68,69,102,115,85,86,77,88,88,102,108,168,191,168,148,112,67,47
18343,Female,40,67,89,90,59,64,87,99,104,104,123,189,186,172,151,146,80,77
18343,Male,52,65,102,91,66,89,108,111,101,103,102,154,154,169,144,128,81,45
18377,Female,89,114,114,127,109,123,134,144,157,165,195,252,258,242,231,241,144,132
18377,Male,88,131,140,143,129,128,149,145,148,129,156,239,264,247,213,200,119,104
18409,Female,127,144,181,172,134,177,215,207,167,154,205,259,283,270,204,187,138,122
18409,Male,138,143,189,170,145,174,197,229,164,173,221,232,289,273,183,188,121,79
18413,Female,138,141,198,211,191,196,196,212,212,189,248,314,268,267,225,224,161,118
18413,Male,138,170,204,223,178,218,190,230,227,196,222,290,291,258,218,194,118,90
18428,Female,86,104,124,128,101,131,132,141,145,125,128,190,218,189,158,147,106,108
18428,Male,92,141,145,139,103,121,137,122,146,125,154,186,216,195,140,124,79,65
18432,Female,32,50,45,40,45,44,61,54,44,43,66,109,107,93,65,57,55,49
18432,Male,42,42,49,55,51,52,52,56,46,53,53,98,106,102,69,77,51,37
18447,Female,33,51,63,65,46,45,55,63,74,68,112,132,125,127,105,114,78,61
18447,Male,29,38,58,64,62,61,76,50,65,95,95,135,139,99,102,109,76,41
18451,Female,45,50,57,95,68,73,66,81,83,90,96,117,172,115,95,95,78,69
18451,Male,60,59,70,91,69,62,84,84,60,76,99,124,150,122,113,93,69,52
18560,Female,211,251,275,324,299,364,403,358,378,301,355,427,465,432,342,305,217,201
18560,Male,220,242,279,291,302,320,355,422,332,317,333,453,470,380,334,281,183,122
18574,Female,36,66,67,76,46,63,68,72,74,60,73,127,144,121,90,76,56,35
18574,Male,59,68,63,63,51,63,56,61,67,49,68,92,119,126,106,87,46,31
18589,Female,59,64,58,57,51,53,65,50,61,75,83,84,97,86,59,88,36,23
18589,Male,43,48,54,54,54,54,67,58,45,67,74,87,102,109,83,80,41,27
18593,Female,67,103,111,126,89,104,107,123,114,132,155,157,192,138,162,148,103,107
18593,Male,73,110,121,122,120,121,121,104,116,108,134,158,144,165,131,131,94,60
18611,Female,46,72,70,61,56,39,70,81,78,67,77,144,170,159,137,129,76,51
18611,Male,52,61,75,66,66,68,84,102,71,54,93,114,169,162,136,132,72,54
18625,Female,70,77,118,104,72,83,118,115,138,90,127,176,207,179,179,177,120,91
18625,Male,67,90,113,117,87,96,110,117,126,116,120,183,171,180,165,150,111,67
18630,Female,115,120,98,120,118,121,148,129,122,112,133,165,182,163,153,111,93,76
18630,Male,105,124,142,138,111,119,138,131,127,116,122,185,172,128,149,138,79,38
18644,Female,75,105,144,128,93,100,145,157,139,126,145,172,174,150,124,131,90,99
18644,Male,92,105,130,147,112,139,139,140,142,149,150,157,148,142,113,119,68,65
18659,Female,68,88,96,120,103,74,107,117,127,123,211,220,240,228,203,165,123,110
18659,Male,72,83,112,133,110,98,127,133,129,123,161,224,250,225,201,175,106,82
20004,Female,76,107,133,119,118,138,171,203,166,177,191,267,289,247,256,214,154,167
20004,Male,78,140,154,147,143,164,172,204,174,165,218,228,253,258,175,196,124,85
20057,Female,90,106,139,125,119,117,133,177,157,163,207,225,240,249,199,178,137,136
20057,Male,94,90,140,155,126,119,142,137,157,149,162,234,258,203,197,167,115,76
20108,Female,194,242,241,210,224,286,299,291,263,289,277,366,368,304,284,237,126,108
20108,Male,224,253,234,274,218,253,293,272,262,253,288,368,357,306,243,221,95,74
20151,Female,90,103,179,185,133,123,140,172,205,206,198,218,240,196,149,142,89,85
20151,Male,90,141,164,172,137,126,137,147,200,191,184,196,240,169,134,118,75,60
20184,Female,44,43,42,40,41,40,55,64,61,72,51,71,73,66,72,47,37,29
20184,Male,37,56,54,44,30,43,48,71,64,74,70,69,68,62,68,65,26,17
20254,Female,56,82,78,75,66,91,87,92,108,76,79,117,117,100,75,70,50,53
20254,Male,68,70,83,84,81,84,80,94,87,85,86,95,97,104,79,74,45,26
20305,Female,241,316,312,317,296,337,421,447,366,382,356,419,406,354,262,275,186,156
20305,Male,233,333,350,360,298,294,405,451,392,375,402,433,389,364,247,228,133,92
20358,Female,78,100,111,109,112,111,140,141,144,130,131,183,172,123,95,114,75,59
20358,Male,78,110,107,129,114,111,130,127,129,118,131,183,163,139,106,103,65,43
20409,Female,96,136,173,194,153,187,205,197,190,191,239,278,336,261,253,252,183,196
20409,Male,120,145,183,173,178,193,190,225,200,180,212,292,300,275,221,210,164,107
20413,Female,121,181,203,208,170,206,223,269,245,244,305,339,324,282,227,223,160,157
20413,Male,160,158,228,249,208,217,225,246,241,248,265,321,297,274,226,203,114,91
20451,Female,231,283,295,300,238,277,396,432,385,360,356,386,347,322,295,301,218,182
20451,Male,233,314,298,288,262,301,371,417,389,402,356,394,361,283,222,258,155,120
20466,Female,234,257,309,344,305,328,377,364,380,406,455,472,434,353,307,367,223,213
20466,Male,263,278,306,344,318,330,398,409,422,403,464,467,414,343,308,305,170,119
20471,Female,156,185,245,229,199,197,276,315,309,263,285,275,319,315,244,224,127,101
20471,Male,181,208,215,248,210,240,285,298,304,334,234,307,328,280,218,175,100,69
20485,Female,174,189,235,248,233,321,338,348,338,297,327,349,342,293,242,202,130,116
20485,Male,191,217,273,273,252,313,352,359,346,332,337,367,353,277,242,187,99,65
20490,Female,251,290,291,262,260,323,440,446,364,355,423,431,428,355,288,269,176,138
20490,Male,216,283,270,299,285,314,391,440,472,367,374,379,420,329,250,228,139,84
20502,Female,191,330,464,402,223,183,277,390,544,459,346,199,152,128,119,103,59,40
20502,Male,193,381,489,388,238,182,246,337,418,451,366,252,155,131,100,72,32,17
20606,Female,189,262,367,332,253,321,327,383,381,322,322,387,385,302,246,218,170,166
20606,Male,251,280,339,340,282,292,335,349,346,315,344,389,361,286,224,177,123,106
20611,Female,166,185,237,305,188,231,264,299,322,306,282,301,319,355,280,227,109,115
20611,Male,173,221,284,298,245,214,263,310,323,305,251,290,291,309,250,179,98,55
20630,Female,130,199,195,180,149,189,237,221,214,182,199,234,203,146,133,146,98,80
20630,Male,132,164,212,227,188,209,229,227,210,217,182,201,190,168,120,114,82,48
20659,Female,180,229,246,246,223,274,306,351,280,301,294,368,318,289,242,228,144,157
20659,Male,167,270,277,289,268,295,305,314,313,326,294,337,312,271,217,183,96,87
20663,Female,163,184,197,258,208,237,281,295,257,259,263,340,359,344,259,264,131,121
20663,Male,165,206,253,253,251,249,274,284,277,289,225,319,293,311,249,213,123,56
20729,Female,75,94,103,119,92,82,104,123,118,111,139,188,156,136,118,110,67,57
20729,Male,75,82,91,111,103,89,112,120,115,129,122,147,162,140,97,91,56,32
20752,Female,305,374,498,481,396,431,529,617,609,592,654,712,698,624,578,597,378,323
20752,Male,315,406,468,534,473,484,538,638,600,632,682,740,700,623,456,506,310,221
20803,Female,130,161,201,213,219,177,224,254,244,221,243,256,268,226,194,186,113,92
20803,Male,154,187,212,254,188,188,244,241,235,211,241,277,256,237,178,167,89,61
20861,Female,143,182,197,196,197,213,219,205,220,224,195,233,261,210,191,169,106,89
20861,Male,132,210,195,185,176,184,206,209,231,213,209,249,221,206,190,146,98,65
20907,Female,50,49,72,95,78,61,76,80,91,98,103,151,153,136,112,116,78,66
20907,Male,44,83,79,80,62,66,90,86,72,91,101,134,148,128,95,101,71,39
20964,Female,135,153,227,236,193,198,214,211,235,215,230,261,254,207,189,181,116,121
20964,Male,143,168,214,234,189,186,249,260,222,200,212,239,254,176,163,149,91,48
20979,Female,218,262,267,254,224,270,341,378,364,299,283,337,338,302,250,253,154,167
20979,Male,226,296,307,303,263,281,334,350,339,330,303,335,307,249,212,196,117,92
20983,Female,137,180,213,224,186,211,243,273,256,209,263,242,262,271,202,192,123,137
20983,Male,176,170,200,198,216,229,222,267,255,255,267,253,255,261,190,182,81,76
20998,Female,332,394,436,458,404,474,500,588,577,491,554,600,639,536,475,500,278,282
20998,Male,318,347,484,584,434,466,540,626,634,566,544,670,591,517,405,375,241,125
21007,Female,207,204,233,235,177,213,325,325,312,233,215,247,257,231,179,177,127,118
21007,Male,197,270,274,229,191,220,292,332,340,270,241,252,220,234,183,158,103,74
21011,Female,177,166,201,206,176,187,264,265,223,205,200,241,212,216,159,133,97,94
21011,Male,148,183,205,200,157,191,253,267,259,183,201,233,223,178,144,131,73,70
21101,Female,82,84,123,122,94,99,110,120,139,149,168,204,254,189,154,169,77,61
21101,Male,98,91,119,107,101,95,116,134,114,132,143,191,228,191,147,160,84,53
21153,Female,137,203,192,181,172,204,214,210,213,202,179,268,244,213,202,171,108,117
21153,Male,138,175,225,183,141,156,219,224,216,188,198,258,247,232,163,184,87,59
21204,Female,121,130,153,151,150,165,188,172,195,157,186,229,253,217,164,160,77,54
21204,Male,135,173,153,158,115,132,148,140,167,127,149,200,228,190,151,124,67,47
21261,Female,210,262,332,324,286,361,376,379,377,351,371,523,569,498,398,409,258,276
21261,Male,246,287,310,333,298,367,392,390,331,347,360,470,489,447,370,329,193,161
21308,Female,40,59,67,74,54,58,76,65,104,97,98,105,134,95,76,80,62,50
21308,Male,40,63,75,76,66,60,65,63,75,100,98,112,111,104,88,69,55,26
21384,Female,97,124,150,147,123,121,179,169,177,139,154,199,227,161,150,115,81,70
21384,Male,133,128,164,162,116,140,158,177,150,157,138,211,199,185,121,107,66,50
21421,Female,106,160,138,163,116,145,187,164,173,145,127,192,151,134,89,96,56,45
21421,Male,139,171,171,165,130,147,162,152,159,115,152,183,171,136,86,75,52,25
21440,Female,46,42,66,54,63,58,66,91,80,86,65,95,88,70,66,38,29,23
21440,Male,38,55,79,81,62,68,82,63,71,58,67,89,104,83,50,48,25,13
21454,Female,116,127,154,183,123,152,159,169,203,186,207,245,264,220,176,182,103,116
21454,Male,126,147,156,177,142,157,145,190,155,180,230,233,263,234,153,174,83,79
21469,Female,66,96,110,110,91,98,107,119,129,100,114,129,133,111,94,71,44,32
21469,Male,83,102,106,134,77,92,120,109,107,110,87,106,116,89,86,66,36,20
21524,Female,200,276,297,298,272,294,365,401,342,276,296,396,433,363,298,227,151,153
21524,Male,238,267,327,328,254,303,341,395,348,313,309,411,419,360,285,207,143,97
21558,Female,51,93,102,118,83,88,109,94,146,130,151,153,185,158,131,132,77,81
21558,Male,85,69,111,117,97,96,107,105,110,140,122,161,181,137,104,128,59,54
21609,Female,132,185,226,258,191,168,234,284,280,279,311,353,376,343,317,299,185,187
21609,Male,135,218,236,225,218,197,207,262,291,272,291,315,350,306,288,277,153,130
21613,Female,193,238,257,255,186,209,278,322,290,273,262,336,357,315,240,235,139,105
21613,Male,185,225,266,285,239,216,262,300,261,285,285,320,364,304,229,209,113,76
21736,Female,91,111,143,114,108,101,126,160,142,144,175,228,258,231,199,192,148,130
21736,Male,73,104,141,113,117,109,115,130,142,150,147,200,240,215,205,195,111,85
21755,Female,226,206,286,323,256,289,359,394,347,364,375,334,327,272,219,239,135,101
21755,Male,200,279,304,335,294,267,329,367,361,385,361,389,306,262,196,179,88,49
21760,Female,114,125,154,156,138,160,179,227,203,177,186,214,237,218,167,113,68,51
21760,Male,102,163,196,171,152,195,242,306,289,230,221,203,204,182,138,117,56,37
21825,Female,79,108,126,564,1619,443,217,152,173,149,125,168,186,170,184,155,110,106
21825,Male,65,120,130,326,897,916,569,375,277,196,162,192,181,155,145,143,74,75
21830,Female,102,174,218,1276,2546,446,283,232,289,256,266,343,391,377,329,319,239,268
21830,Male,129,157,231,770,1529,554,329,279,270,257,256,307,340,356,297,296,193,163
25027,Female,211,252,305,316,255,315,372,359,380,321,378,398,402,316,261,222,164,146
25027,Male,214,288,346,334,304,334,338,353,335,324,366,390,372,324,238,209,94,75
25031,Female,133,141,179,205,170,198,237,234,222,229,249,273,296,198,156,163,96,78
25031,Male,137,181,192,213,166,220,219,212,227,175,240,278,281,200,153,135,55,47
25046,Female,284,304,357,416,337,388,451,424,424,424,442,515,510,453,372,370,237,189
25046,Male,281,328,408,371,333,347,434,425,432,378,445,473,462,376,357,314,177,107
25051,Female,32,75,87,103,76,62,66,78,94,99,135,117,124,88,82,87,62,55
25051,Male,54,77,97,98,83,63,54,63,82,100,95,104,125,91,89,66,50,31
25065,Female,42,54,71,66,72,47,59,77,79,82,83,104,108,93,61,86,45,39
25065,Male,39,66,66,79,49,49,47,70,89,92,78,97,108,86,62,77,40,29
25084,Female,171,166,202,261,201,207,278,305,278,273,283,302,317,287,260,249,122,133
25084,Male,181,217,217,239,219,229,288,300,266,253,281,297,295,282,206,214,111,78
25101,Female,102,150,160,217,138,186,184,178,219,225,246,285,261,215,205,215,177,162
25101,Male,119,158,217,207,193,200,201,199,217,245,234,271,238,189,203,189,123,100
25121,Female,68,99,114,114,73,94,100,133,148,146,170,210,182,170,137,135,100,93
25121,Male,63,113,129,131,113,82,106,140,137,163,145,196,198,178,151,126,72,50
25135,Female,108,146,166,171,157,164,204,204,209,184,236,292,293,280,250,204,123,111
25135,Male,108,133,171,166,160,176,185,214,215,175,218,298,299,261,201,189,103,74
25169,Female,147,196,187,209,181,178,237,257,214,207,234,299,229,195,151,121,103,76
25169,Male,164,185,193,203,190,201,181,217,239,178,195,248,241,219,132,133,72,45
25173,Female,113,105,170,173,142,171,222,187,196,184,191,223,183,146,144,115,88,85
25173,Male,114,160,170,189,146,195,221,188,169,190,202,221,214,160,129,101,54,48
25188,Female,220,262,275,308,255,332,401,394,375,367,354,415,370,300,260,247,168,104
25188,Male,278,313,299,317,261,309,393,361,347,374,358,387,351,269,222,199,116,70
25192,Female,100,113,112,163,133,120,129,174,154,142,205,213,207,147,139,107,42,53
25192,Male,93,113,139,163,158,125,137,163,134,149,171,189,194,159,108,103,44,35
25205,Female,130,177,218,234,175,225,257,277,290,258,301,334,306,291,247,200,110,111
25205,Male,150,190,251,249,232,226,271,283,261,269,277,303,291,285,220,182,102,55
25210,Female,77,99,163,217,148,118,96,109,159,192,256,243,206,186,183,149,113,105
25210,Male,64,126,189,247,172,103,96,133,147,164,220,251,216,173,154,146,112,62
25224,Female,73,97,117,126,133,95,102,117,153,140,147,161,162,145,122,114,80,51
25224,Male,73,109,132,132,125,109,102,133,144,138,149,152,143,147,123,116,58,33
25243,Female,160,242,352,383,288,255,232,256,318,353,429,464,362,325,274,322,213,218
25243,Male,175,233,402,406,354,233,261,258,275,349,397,449,367,323,259,264,166,144
25262,Female,167,207,209,216,246,283,330,312,270,260,269,283,288,254,179,185,119,108
25262,Male,166,212,205,227,234,314,362,335,348,276,273,331,277,217,153,171,80,64
25277,Female,49,62,70,73,66,101,99,82,103,74,100,101,91,79,69,84,56,56
25277,Male,62,59,73,72,70,113,97,104,108,90,109,111,117,86,70,59,29,34
25281,Female,175,159,219,269,244,322,327,296,324,328,377,427,449,391,279,298,179,164
25281,Male,167,225,228,284,277,300,376,347,347,297,370,402,401,371,264,238,140,91
25309,Female,96,94,107,117,128,141,185,182,159,142,170,201,203,153,140,126,62,100
25309,Male,93,115,141,141,142,182,172,177,164,185,205,194,208,172,122,127,55,45
25313,Female,130,166,209,231,226,237,253,278,269,267,267,304,317,255,193,206,146,158
25313,Male,120,192,224,239,220,277,285,298,316,279,295,303,333,223,150,160,109,88
25332,Female,107,162,189,214,198,201,241,287,252,195,261,300,341,318,227,188,138,141
25332,Male,121,184,169,206,188,214,223,240,263,260,264,312,304,279,177,172,105,57
25347,Female,83,96,120,108,103,93,97,113,134,141,172,206,224,168,150,162,99,104
25347,Male,65,103,128,146,127,101,88,135,114,131,146,191,186,167,135,125,93,59
25351,Female,24,25,23,33,29,31,41,50,53,60,36,64,91,58,43,49,27,19
25351,Male,18,29,37,35,20,40,46,60,64,46,54,66,76,77,48,53,19,17
25366,Female,48,86,79,59,33,43,43,71,79,73,78,89,101,87,77,66,51,42
25366,Male,57,66,61,61,40,49,47,69,67,75,76,93,103,90,73,70,45,42
25390,Female,117,130,201,215,153,142,193,193,243,217,261,278,227,173,166,144,114,74
25390,Male,139,145,216,210,170,181,193,174,196,246,218,228,243,146,128,147,73,53
25402,Female,151,152,168,178,106,135,196,195,241,183,155,155,157,136,121,96,55,54
25402,Male,159,175,184,145,97,101,143,194,197,185,192,174,156,146,88,105,58,35
25441,Female,217,228,204,200,189,248,359,318,327,262,286,304,292,242,200,237,150,135
25441,Male,237,247,256,222,187,206,333,309,279,278,273,287,287,228,169,175,111,87
25455,Female,161,228,282,293,251,262,272,291,333,364,355,375,335,309,292,265,162,131
25455,Male,164,214,296,326,260,266,290,280,322,337,347,353,331,287,254,244,114,67
25460,Female,247,350,407,357,321,315,420,418,422,418,443,467,452,345,271,232,128,129
25460,Male,241,317,406,370,319,312,379,425,415,411,397,415,439,316,287,206,103,69
25474,Female,47,54,68,61,53,74,77,83,70,55,70,87,88,75,44,38,30,15
25474,Male,53,53,68,78,69,71,60,89,80,58,64,93,84,70,54,43,16,13
25506,Female,137,155,185,183,199,226,273,225,251,230,247,287,306,241,226,203,125,150
25506,Male,141,193,173,197,209,225,252,261,238,212,226,254,268,227,183,192,91,80
25525,Female,65,96,135,126,123,139,134,152,144,133,155,181,183,139,127,114,66,62
25525,Male,71,116,130,127,114,137,115,154,147,134,152,160,140,137,109,76,42,26
25544,Female,161,174,221,232,172,219,279,262,257,294,262,301,338,310,264,260,121,100
25544,Male,179,204,228,203,210,205,265,280,269,257,252,337,319,258,241,219,110,67
25559,Female,47,72,83,554,1787,447,207,132,129,107,110,90,51,44,40,22,14,4
25559,Male,57,80,80,340,1117,904,697,410,174,127,101,103,58,51,33,23,13,5
25582,Female,160,152,185,219,220,230,254,235,235,247,261,334,343,269,221,220,158,177
25582,Male,142,166,227,221,241,206,269,265,225,244,261,282,333,261,189,214,109,89
25597,Female,70,77,87,95,100,108,141,134,128,99,117,142,126,105,85,75,47,37
25597,Male,89,76,95,103,75,116,111,117,112,105,120,138,125,120,61,61,36,24
25648,Female,116,127,151,213,170,159,196,180,181,214,255,260,283,207,168,161,99,82
25648,Male,121,126,159,213,174,178,184,148,169,194,213,269,243,219,159,133,86,54
25652,Female,100,131,125,158,126,164,172,185,175,142,201,158,147,91,78,70,38,48
25652,Male,122,104,126,156,168,169,186,173,172,151,168,182,170,103,61,52,29,15
25671,Female,122,178,199,178,154,144,195,207,256,213,227,186,182,142,131,114,67,66
25671,Male,126,191,212,212,171,139,187,211,202,194,225,203,178,121,104,100,52,43
25686,Female,79,115,111,102,81,90,121,168,179,133,123,119,123,95,58,55,47,76
25686,Male,89,101,133,115,98,90,125,146,136,153,122,96,120,93,65,55,24,40
25737,Female,234,265,254,273,279,382,478,435,370,314,319,368,307,274,246,233,179,191
25737,Male,244,276,275,296,249,369,448,436,437,376,347,360,319,261,211,169,107,117
25826,Male,,,,,,,,,,,,,,,,,,
25826,Female,,,,,,,,,,,,,,,,,,
25898,Female,22,38,47,34,44,34,33,46,57,37,68,73,62,54,36,29,25,27
25898,Male,28,31,46,41,39,39,30,49,58,48,56,73,62,55,50,32,20,14
25968,Female,38,47,56,67,62,49,63,65,73,79,89,111,115,104,80,57,45,31
25968,Male,32,54,50,72,51,52,68,66,59,70,86,104,93,106,88,54,33,20
25991,Female,93,94,111,117,111,103,144,136,136,109,133,173,154,133,95,73,48,53
25991,Male,97,97,99,109,106,121,133,130,124,110,122,145,163,123,87,83,28,43
26015,Female,690,721,766,758,661,987,1102,1059,1033,854,933,1026,985,792,652,585,403,388
26015,Male,684,779,815,802,776,973,1047,1081,1097,953,949,1079,1007,777,571,485,287,214
26208,Female,150,188,233,214,174,225,267,299,315,262,279,285,288,280,223,216,113,106
26208,Male,182,224,266,245,180,199,238,277,275,290,313,305,289,236,196,184,99,57
30030,Female,144,199,236,252,384,438,409,338,328,264,236,224,282,257,192,175,118,148
30030,Male,161,206,260,223,243,485,593,538,506,390,259,282,281,246,184,154,103,81
30059,Female,168,180,176,236,313,435,409,442,303,245,271,273,257,236,207,161,94,163
30059,Male,157,207,156,208,230,376,410,460,432,347,295,288,262,229,193,174,66,69
30078,Female,290,377,392,451,859,1289,1160,852,718,520,442,400,410,336,250,207,114,177
30078,Male,316,385,392,414,668,1319,1448,1224,962,815,559,513,469,402,242,189,90,82
30097,Female,171,210,232,177,234,462,476,432,412,341,253,248,251,234,164,151,97,165
30097,Male,196,241,234,214,213,438,462,526,551,440,369,327,305,257,157,123,78,42
30203,Female,196,280,333,323,287,314,443,504,435,428,368,348,358,325,309,268,161,192
30203,Male,234,311,357,337,280,367,432,479,558,434,395,393,327,311,255,217,108,89
30218,Female,145,208,224,226,276,297,343,337,343,322,339,320,335,286,220,213,118,149
30218,Male,154,204,244,225,249,281,340,390,381,386,365,337,352,278,237,194,101,80
30256,Female,235,245,204,166,186,298,369,379,299,205,158,149,125,101,78,52,23,29
30256,Male,259,246,188,179,148,223,334,369,313,244,166,150,107,91,65,67,19,20
30261,Female,130,192,208,166,183,230,256,280,258,220,167,202,198,183,131,129,90,76
30261,Male,146,204,218,187,164,197,228,274,270,268,184,213,176,173,122,97,62,38
30280,Female,187,235,274,291,206,225,266,322,373,313,330,352,335,285,269,286,219,167
30280,Male,192,229,295,272,211,236,256,315,357,362,356,326,333,294,250,257,150,122
30311,Female,149,178,156,193,214,291,323,269,284,209,200,204,208,147,106,82,52,68
30311,Male,133,219,175,173,200,315,375,328,304,257,230,230,207,172,88,78,36,32
30326,Female,157,227,237,251,163,199,214,313,321,307,337,348,425,339,303,285,207,254
30326,Male,192,251,257,273,193,201,236,290,309,341,367,327,330,372,271,274,140,124
30401,Female,353,427,410,375,333,468,591,668,634,491,443,485,500,449,292,284,140,147
30401,Male,386,437,442,366,351,404,525,629,587,531,477,475,439,426,274,199,113,77
30504,Female,337,418,478,450,521,709,849,793,752,612,475,456,463,497,433,380,211,200
30504,Male,337,447,471,475,519,717,855,877,855,728,576,537,475,470,430,338,168,116
30561,Male,,,,,,,,,,,,,,,,,,
30561,Female,,,,,,,,,,,,,,,,,,
30627,Female,138,171,163,150,250,389,408,357,252,181,191,194,210,198,148,141,74,80
30627,Male,142,169,157,137,200,401,510,514,450,324,272,257,281,217,164,146,82,44
30701,Female,168,235,312,288,341,599,606,548,408,314,311,321,292,251,210,195,117,106
30701,Male,179,253,324,271,322,562,691,658,599,444,342,351,347,244,198,173,72,50
30909,Female,242,245,294,313,622,612,530,504,479,444,374,357,276,268,186,173,85,131
30909,Male,246,276,248,297,374,567,587,568,533,525,411,386,313,238,166,161,66,62
30928,Female,364,407,451,921,2586,2008,1337,951,682,515,483,477,422,344,283,232,128,127
30928,Male,349,487,486,641,1632,2106,1649,1230,924,656,531,531,495,362,276,215,116,88
30951,Female,115,159,138,160,233,289,328,296,245,252,267,272,289,304,209,234,202,195
30951,Male,119,157,136,192,218,267,324,319,307,254,263,275,303,276,212,196,143,126
31009,Female,202,266,230,202,181,193,270,307,309,295,286,217,235,182,147,137,70,67
31009,Male,207,223,225,255,199,174,209,300,292,290,274,234,228,172,122,113,56,37
31141,Female,310,383,401,420,425,531,569,555,520,395,365,364,362,307,222,235,113,133
31141,Male,315,371,369,412,432,564,612,634,613,500,436,376,354,297,253,189,88,70
31206,Female,293,340,309,321,228,286,422,432,432,390,378,435,432,442,418,344,206,201
31206,Male,257,341,368,317,288,316,361,408,435,371,423,404,403,387,397,326,157,120
31211,Female,211,265,263,274,207,227,311,367,434,344,370,363,338,249,232,220,136,151
31211,Male,182,320,343,307,241,250,297,360,439,414,358,378,340,252,218,196,119,95
31230,Female,219,295,356,316,152,126,218,318,424,373,314,287,295,314,258,243,182,228
31230,Male,249,295,421,320,175,138,185,255,334,367,332,296,302,290,275,226,129,139
31244,Female,110,195,244,245,148,129,171,231,272,292,278,293,301,259,226,204,119,132
31244,Male,135,196,276,267,198,155,172,228,242,298,309,310,295,233,231,189,94,67
31259,Female,187,178,216,166,167,297,351,301,276,228,226,234,244,178,168,134,74,80
31259,Male,200,210,191,189,159,249,269,295,286,218,222,242,238,187,150,124,62,57
31348,Female,31,58,71,123,275,77,72,79,80,89,58,69,68,59,46,36,31,56
31348,Male,40,49,73,64,101,73,70,56,63,70,56,45,50,53,47,32,18,18
31437,Female,206,288,296,320,260,251,337,363,342,370,420,556,476,425,385,372,230,225
31437,Male,198,283,313,373,304,331,361,383,357,386,388,510,529,420,358,333,200,139
31475,Female,82,96,113,146,78,106,115,138,144,129,164,198,197,192,136,154,104,85
31475,Male,71,109,130,148,108,121,104,122,132,130,147,195,181,179,154,146,88,49
31511,Female,178,211,248,286,231,254,328,304,281,308,328,351,322,298,241,220,158,177
31511,Male,217,249,284,271,244,256,335,359,371,314,309,332,323,273,212,222,112,89
31598,Female,152,216,239,244,204,222,280,279,255,287,275,284,259,243,234,203,154,110
31598,Male,165,216,256,262,263,242,275,279,244,270,273,306,256,227,207,187,93,83
31601,Female,65,93,105,107,76,79,118,119,102,113,115,160,126,127,105,92,61,56
31601,Male,69,98,117,90,72,95,80,104,115,125,102,144,140,128,98,82,65,36
31615,Female,66,85,98,97,65,70,106,107,122,110,135,156,162,128,110,108,65,53
31615,Male,73,104,104,90,75,85,94,113,125,123,129,152,165,134,128,111,42,38
31634,Female,498,636,689,643,564,684,846,866,804,730,783,849,807,661,516,491,326,337
31634,Male,529,655,726,729,619,726,856,994,809,811,706,812,825,650,464,470,219,201
31672,Female,123,173,204,168,126,133,170,205,197,181,223,276,242,221,170,160,127,103
31672,Male,119,176,185,166,161,169,156,178,212,202,224,274,275,200,171,163,113,69
31691,Female,219,251,215,237,186,204,247,288,239,266,286,322,314,283,290,230,160,133
31691,Male,179,206,237,241,191,196,240,239,262,253,288,303,338,288,233,225,132,93
31723,Female,151,205,219,251,179,183,221,249,239,280,271,354,340,288,280,251,177,163
31723,Male,184,206,244,237,216,210,238,243,268,241,328,376,323,291,253,235,152,101
31812,Female,11,16,29,22,25,11,12,27,13,30,35,33,43,36,23,20,15,17
31812,Male,9,16,22,18,13,12,21,23,21,15,35,49,41,36,23,19,15,12
31899,Female,108,168,165,162,103,97,122,169,198,205,222,236,225,206,188,143,95,87
31899,Male,113,172,200,204,137,108,116,191,193,199,214,220,263,206,182,156,91,69
31901,Female,279,358,445,401,283,304,443,475,557,493,567,535,609,586,538,440,270,230
31901,Male,326,449,452,465,347,297,405,479,544,521,534,522,584,510,450,426,205,179
31916,Female,143,187,176,156,123,117,183,221,224,224,209,217,237,181,154,144,71,61
31916,Male,154,199,207,186,113,112,160,196,212,201,207,213,223,196,162,137,81,40
32001,Female,121,190,212,169,111,98,158,228,218,211,238,262,256,231,176,157,107,121
32001,Male,145,205,233,204,145,125,144,196,218,226,223,272,251,228,185,161,100,82
32021,Female,496,658,722,754,516,523,716,868,893,897,845,830,824,743,642,611,376,383
32021,Male,512,735,787,739,559,565,657,790,921,900,878,864,746,702,611,580,303,221
32035,Female,123,170,202,183,138,111,166,217,229,246,254,254,242,226,219,182,93,81
32035,Male,125,188,197,194,154,150,161,201,238,218,256,204,246,219,181,165,86,56
32092,Female,151,200,228,249,181,210,225,256,255,248,314,371,366,309,269,245,176,191
32092,Male,166,199,225,263,208,224,258,263,249,236,280,340,376,346,278,232,126,120
32209,Female,274,426,499,441,311,320,388,447,564,557,557,543,536,479,452,377,164,188
32209,Male,276,424,500,458,510,504,418,484,580,548,538,553,481,476,427,310,209,116
32290,Female,104,122,182,202,124,99,132,185,188,200,269,269,275,245,232,201,137,153
32290,Male,105,149,217,211,145,139,151,183,160,196,211,268,291,265,240,218,109,94
32317,Female,31,25,26,41,27,33,57,48,33,40,66,88,92,87,83,69,54,57
32317,Male,23,26,26,39,47,53,54,42,53,48,64,77,68,89,72,64,45,35
32355,Female,41,52,62,54,39,42,61,44,81,68,84,106,80,73,58,45,42,36
32355,Male,23,50,57,70,53,36,55,55,69,51,80,87,116,84,63,49,33,35
32393,Female,7,9,17,14,17,19,21,24,20,26,26,25,31,32,25,20,12,12
32393,Male,8,11,12,15,17,34,24,29,18,13,25,34,25,31,25,28,11,10
32406,Female,263,353,401,399,270,208,313,420,458,450,451,479,498,444,423,401,240,282
32406,Male,278,363,411,419,262,249,298,418,483,441,433,503,448,469,392,326,204,192
32411,Female,324,483,567,433,327,348,496,648,706,591,482,539,607,489,359,328,199,141
32411,Male,371,510,560,482,364,344,448,637,682,643,541,530,560,430,368,274,160,105
32425,Female,229,351,419,384,305,308,358,484,538,496,560,617,701,518,433,418,267,272
32425,Male,260,353,439,452,430,368,376,476,556,497,574,544,605,526,420,351,214,174
32514,Female,106,146,171,178,135,96,136,184,199,207,213,256,268,197,196,155,86,61
32514,Male,103,144,170,176,119,141,127,164,196,215,205,229,249,231,164,160,79,49
32529,Female,139,192,223,175,109,92,152,228,248,199,252,209,217,193,153,131,102,73
32529,Male,124,208,235,197,123,120,135,184,236,197,233,246,233,190,133,144,75,54
32586,Female,135,164,211,218,176,181,196,219,233,236,279,317,301,286,219,249,202,186
32586,Male,117,177,210,223,202,236,226,265,230,219,274,326,316,285,218,218,104,100
32622,Female,165,196,227,189,133,179,221,256,228,231,227,266,342,282,238,219,140,144
32622,Male,185,173,200,192,128,172,208,225,235,207,242,237,325,282,243,204,115,68
32707,Female,278,345,398,355,267,387,480,447,445,414,447,477,459,379,312,319,167,194
32707,Male,336,371,406,402,329,335,401,412,398,402,432,491,438,362,313,269,136,107
32750,Female,90,86,133,116,87,96,125,132,133,117,185,196,192,170,162,135,96,72
32750,Male,92,117,136,113,104,94,105,123,109,113,151,184,173,162,109,140,79,62
32764,Female,209,276,325,300,225,205,318,349,358,300,335,412,433,371,301,277,190,151
32764,Male,211,300,329,275,229,221,247,280,289,294,294,395,406,364,276,240,144,106
32779,Female,447,554,638,776,482,572,761,752,724,686,782,834,806,708,621,545,370,378
32779,Male,444,591,693,933,555,546,700,654,713,707,666,754,799,701,569,484,265,237
32801,Female,152,182,225,213,186,201,276,263,236,237,294,351,374,339,292,252,177,144
32801,Male,155,205,218,225,192,200,237,217,198,216,251,337,371,341,268,236,124,109
32815,Female,170,182,232,232,149,194,261,258,238,268,297,361,341,325,287,259,165,147
32815,Male,172,223,231,240,158,172,223,264,220,243,265,302,344,302,274,258,134,101
32904,Female,142,174,188,183,166,192,199,227,211,194,269,281,287,264,220,200,138,169
32904,Male,162,187,185,219,171,181,208,227,210,189,251,313,312,268,222,182,123,81
33057,Female,56,74,72,85,68,79,89,80,77,88,132,164,144,119,90,94,70,53
33057,Male,48,70,89,87,88,91,86,96,71,76,117,164,138,111,101,70,52,36
33061,Female,6,10,6,10,10,12,9,16,10,16,25,34,36,20,19,20,9,2
33061,Male,5,10,9,17,5,7,12,15,14,16,21,45,32,27,24,16,19,5
33108,Female,45,61,43,75,56,52,71,82,76,101,109,116,150,104,87,87,65,71
33108,Male,39,66,78,76,61,73,87,80,75,88,114,148,142,125,86,79,54,44
38012,Female,179,249,235,242,173,201,323,319,304,250,292,335,311,240,213,208,159,141
38012,Male,190,246,267,260,202,225,288,284,272,265,266,307,298,261,234,175,125,103
38027,Female,44,42,64,83,48,66,93,84,107,77,91,151,139,140,116,99,60,70
38027,Male,49,79,74,77,54,77,84,79,92,66,88,138,156,133,98,88,62,41
38084,Female,2,6,8,5,2,3,3,8,4,12,10,12,12,8,10,14,7,3
38084,Male,5,1,4,4,5,2,5,6,7,5,8,13,15,13,7,14,5,5
38205,Female,69,90,83,97,77,92,128,126,98,115,140,144,168,146,132,134,98,86
38205,Male,82,93,105,93,89,96,117,163,109,107,138,148,158,139,133,111,64,46
38210,Female,48,63,69,55,44,53,62,62,80,90,92,132,131,126,87,97,56,77
38210,Male,60,57,68,71,61,65,69,67,64,77,77,138,152,118,100,81,47,41
38239,Female,18,36,38,51,24,22,24,39,43,64,66,92,95,93,68,57,49,45
38239,Male,30,35,70,56,31,30,43,52,43,57,51,95,109,77,78,71,47,37
38258,Female,21,31,34,39,25,14,27,42,54,46,52,65,66,79,55,40,29,16
38258,Male,20,35,52,44,15,19,31,45,40,48,46,71,83,64,62,62,28,24
39015,Female,14,13,22,27,19,9,16,12,27,22,41,45,42,36,40,32,29,24
39015,Male,12,15,22,21,24,17,17,22,18,21,39,49,44,46,36,31,17,18
39020,Female,18,26,31,29,21,26,24,21,35,26,35,43,30,30,29,31,30,22
39020,Male,28,33,42,33,25,29,28,37,36,24,33,35,40,23,28,20,21,27
39034,Female,27,29,32,20,9,19,29,38,33,18,27,26,21,35,21,22,13,10
39034,Male,18,27,35,24,8,11,25,21,27,30,16,24,27,30,24,26,12,5
39049,Female,53,60,82,68,56,75,74,78,76,83,77,93,106,75,68,44,46,23
39049,Male,57,64,77,65,65,65,89,95,71,104,76,98,94,88,69,64,33,14
39068,Female,27,44,73,63,38,38,48,60,75,66,66,65,69,63,55,44,38,24
39068,Male,49,42,73,76,39,56,52,51,43,58,63,69,76,63,54,53,32,28
39072,Female,40,80,75,98,32,55,65,69,80,91,98,122,106,91,82,75,38,44
39072,Male,61,67,72,89,61,55,69,79,91,72,81,106,119,100,69,82,45,30
39087,Female,86,102,120,117,72,107,100,139,121,131,123,125,121,117,97,84,54,47
39087,Male,109,108,135,142,88,91,105,116,119,137,145,132,121,119,101,89,45,23
39091,Female,175,200,214,204,179,247,262,298,236,285,274,308,314,243,233,206,181,162
39091,Male,160,206,235,249,248,254,331,351,262,266,310,318,335,232,220,206,146,87
39161,Female,9,13,18,14,6,7,6,14,15,18,11,18,23,16,27,29,21,10
39161,Male,11,19,19,19,11,6,15,11,15,17,17,28,27,24,19,23,21,10
40008,Female,102,126,128,128,173,315,353,300,248,215,192,206,197,179,136,110,81,57
40008,Male,103,129,143,145,185,213,293,306,263,225,198,197,199,177,99,68,42,32
40012,Female,92,115,121,152,323,448,421,413,395,368,263,208,163,128,115,79,57,48
40012,Male,77,77,103,142,231,361,374,466,580,646,517,339,191,140,93,107,44,29
40027,Female,181,239,288,257,155,142,147,261,312,322,303,263,253,196,225,191,146,153
40027,Male,170,273,317,265,213,152,178,240,289,276,280,286,229,181,165,134,115,98
40031,Female,34,44,46,125,672,657,346,237,180,123,89,100,106,58,90,65,31,25
40031,Male,38,40,39,82,382,457,328,316,357,251,117,103,92,53,43,49,22,14
40046,Female,167,177,239,269,235,237,269,295,303,254,263,335,336,268,207,179,121,128
40046,Male,185,207,228,295,252,268,312,288,270,279,268,308,287,244,172,132,100,51
40051,Female,140,177,211,236,278,381,362,342,336,295,255,311,315,315,254,220,134,138
40051,Male,149,157,233,246,266,316,372,334,318,313,265,293,273,270,202,147,76,92
40065,Female,100,103,158,124,144,148,187,186,186,169,165,235,248,229,172,155,91,80
40065,Male,103,124,140,152,135,171,178,197,176,169,194,234,232,209,139,119,58,42
40070,Female,39,40,60,58,234,236,198,159,144,96,75,61,64,66,49,39,25,28
40070,Male,49,58,50,62,142,274,269,246,187,121,110,89,60,79,53,28,17,5
40084,Female,58,67,74,66,71,94,117,107,114,80,66,92,87,79,42,43,23,39
40084,Male,62,57,77,90,83,91,136,115,96,91,75,82,77,80,43,38,15,16
40101,Female,194,245,273,223,150,137,183,304,318,286,257,243,236,253,236,240,188,224
40101,Male,187,246,285,258,173,160,163,263,305,281,277,225,217,220,177,217,127,127
40121,Female,131,166,192,157,190,409,350,363,274,222,223,227,205,171,135,118,67,83
40121,Male,159,196,197,148,174,346,376,345,322,269,235,227,205,152,127,101,68,33
40140,Female,148,191,239,287,329,443,450,431,432,412,493,509,484,401,316,259,140,114
40140,Male,161,187,258,295,316,392,432,403,518,532,466,497,439,323,303,238,125,74
40173,Female,181,218,238,186,144,169,208,277,287,263,263,278,295,280,294,274,162,207
40173,Male,172,245,235,222,198,158,200,240,285,265,254,247,254,244,247,222,125,124
40192,Female,27,48,43,44,283,359,206,141,108,87,59,71,90,104,53,41,38,39
40192,Male,38,40,51,51,181,238,175,151,127,108,82,62,87,76,57,42,21,9
40224,Female,222,233,233,255,237,280,378,358,332,256,287,351,368,317,211,194,115,139
40224,Male,206,237,256,276,253,277,345,359,340,292,280,288,332,284,210,149,82,65
40262,Female,124,135,155,169,173,204,247,210,230,184,163,239,257,209,197,156,112,96
40262,Male,143,143,162,190,176,199,222,217,239,185,173,220,199,227,144,104,70,51
40277,Female,43,58,65,73,174,295,281,214,199,110,136,129,156,126,86,72,44,40
40277,Male,57,63,70,68,123,219,254,212,215,187,138,157,133,111,83,59,25,19
40281,Female,41,52,40,47,37,57,59,65,66,48,48,68,78,79,77,39,33,25
40281,Male,40,38,52,55,40,63,71,81,83,65,63,73,74,63,49,45,21,13
40296,Female,16,24,52,52,70,86,84,70,69,68,43,64,43,40,30,27,12,12
40296,Male,16,23,42,43,67,100,89,106,104,96,105,98,85,66,48,30,16,12
40328,Female,44,37,50,94,601,640,340,239,195,125,105,91,100,65,59,51,24,17
40328,Male,40,42,46,84,319,369,345,362,326,274,203,141,110,96,62,35,18,12
40332,Female,142,164,198,167,149,192,256,224,221,183,157,179,194,140,96,75,40,65
40332,Male,146,179,194,162,150,180,244,269,251,217,159,191,180,135,104,59,36,22
40351,Female,89,87,100,127,161,293,261,178,148,168,169,206,237,215,163,98,77,67
40351,Male,97,69,111,119,145,262,274,223,185,193,179,206,219,195,146,120,41,35
40385,Female,101,147,209,203,160,130,145,211,213,231,273,304,303,305,220,235,171,222
40385,Male,129,175,215,224,223,176,185,188,229,221,234,294,295,268,191,193,137,107
40390,Female,43,57,72,44,68,77,73,87,71,69,75,80,101,84,51,46,26,43
40390,Male,45,47,63,63,57,90,74,86,99,64,68,105,91,85,70,40,23,22
40417,Female,39,43,44,49,68,70,88,84,82,69,58,71,66,52,31,31,13,24
40417,Male,39,33,52,49,78,111,96,103,123,96,105,73,67,55,30,29,15,11
40421,Female,58,73,91,90,81,76,97,107,90,57,80,93,84,69,44,40,27,17
40421,Male,60,80,64,94,91,81,89,88,112,75,65,82,82,67,37,33,16,10
40436,Female,131,169,150,149,146,189,199,186,216,180,160,165,180,150,115,113,97,129
40436,Male,124,163,162,165,185,199,196,250,212,174,146,137,162,122,111,82,61,42
40455,Female,64,87,79,106,392,491,444,393,274,210,139,141,127,79,72,37,22,15
40455,Male,64,68,95,108,229,400,389,460,436,339,238,163,138,79,54,34,15,9
40460,Female,24,49,39,55,213,232,134,96,60,60,41,49,50,31,22,22,9,12
40460,Male,40,27,56,44,157,211,185,175,163,127,93,70,46,40,44,14,15,13
40493,Female,26,37,49,61,51,43,52,74,75,86,60,53,60,67,60,41,19,56
40493,Male,32,44,59,76,50,65,71,93,72,67,65,87,81,68,57,40,36,17
40525,Female,113,150,136,126,114,204,231,228,214,168,135,133,156,115,71,56,36,26
40525,Male,106,159,150,133,157,162,226,261,214,175,150,128,149,120,66,42,17,11
40544,Female,73,78,120,98,96,110,111,118,117,75,82,106,106,91,56,41,29,15
40544,Male,76,101,109,113,106,102,142,100,131,100,88,103,100,67,53,33,19,11
40559,Female,75,84,108,123,87,103,114,127,110,88,97,91,96,66,56,35,19,25
40559,Male,73,99,116,94,85,111,108,104,96,80,91,88,71,72,32,29,10,7
40563,Female,30,37,37,58,80,84,124,78,73,54,59,55,31,33,19,12,3,10
40563,Male,46,32,45,65,66,89,122,128,119,89,93,77,55,33,23,14,5,5
40582,Female,98,141,174,185,180,199,197,216,219,177,197,264,205,194,158,126,89,85
40582,Male,126,159,149,168,180,198,217,211,228,188,213,207,199,185,120,109,64,48
40629,Female,77,89,111,98,240,382,329,241,187,190,155,169,168,157,109,94,62,75
40629,Male,103,101,108,94,178,284,300,282,229,217,187,164,158,146,95,58,50,31
40691,Female,143,137,170,194,215,245,243,257,261,211,220,262,251,230,160,152,99,109
40691,Male,183,176,195,220,204,244,237,254,278,241,270,287,251,203,157,127,83,48
40703,Female,54,64,78,90,86,104,104,118,125,90,90,114,108,106,68,52,48,63
40703,Male,78,78,79,104,78,121,138,151,134,117,143,162,147,126,88,64,36,21
40718,Female,86,96,122,139,324,642,604,380,225,166,115,103,108,72,46,31,23,18
40718,Male,103,127,121,123,214,463,619,487,350,253,166,150,127,100,71,33,14,9
40722,Female,92,129,132,167,128,144,149,151,151,148,134,148,141,133,62,59,29,22
40722,Male,103,152,147,135,143,149,171,185,182,125,137,136,145,103,73,57,26,9
40741,Female,149,252,266,249,203,194,212,260,337,322,287,340,349,305,300,320,203,244
40741,Male,156,248,292,259,204,236,207,224,314,331,292,298,321,292,263,255,184,121
40761,Female,332,381,338,366,428,578,592,518,492,415,372,382,387,332,270,195,108,153
40761,Male,359,345,384,364,465,573,580,644,521,496,416,441,369,339,243,179,85,58
40775,Female,103,141,173,193,447,720,705,510,408,341,304,327,327,247,220,183,101,124
40775,Male,131,139,199,218,328,566,592,559,552,491,370,363,304,273,234,172,99,54
43011,Female,128,146,153,180,193,235,262,232,204,184,160,218,206,166,132,96,69,56
43011,Male,127,136,176,141,178,236,256,273,296,208,195,225,193,171,134,97,42,28
43030,Female,233,279,356,321,234,290,342,395,420,385,361,356,380,340,298,264,211,239
43030,Male,292,329,359,334,263,252,324,368,389,371,330,332,383,292,241,240,137,119
43044,Female,148,150,207,199,171,188,224,261,219,254,215,252,265,213,155,186,119,101
43044,Male,166,179,189,227,183,165,223,234,230,223,228,266,246,174,133,142,87,59
43059,Female,178,251,248,266,195,217,305,353,330,305,268,354,389,335,271,242,152,186
43059,Male,196,289,319,255,229,258,287,330,336,282,270,285,305,314,208,174,106,116
43063,Female,67,56,88,76,74,110,128,104,105,86,76,106,123,98,59,39,29,35
43063,Male,54,63,86,83,105,124,156,148,108,68,87,95,137,96,46,38,21,21
43082,Female,17,39,52,46,66,67,82,126,86,57,60,70,87,66,47,53,27,25
43082,Male,45,50,65,48,59,83,117,114,121,116,81,93,93,62,52,43,23,13
43097,Female,64,99,69,71,85,120,146,102,128,73,86,124,120,73,38,60,37,46
43097,Male,73,75,87,75,94,123,156,150,129,123,77,106,104,88,44,23,32,25
43100,Female,97,169,171,190,164,170,155,208,226,208,224,286,284,251,249,228,149,122
43100,Male,105,190,175,207,173,182,228,211,222,240,201,230,263,211,224,195,118,83
43114,Female,217,251,275,290,252,269,301,358,346,343,330,387,429,402,315,292,161,178
43114,Male,180,279,285,301,282,286,356,356,376,310,330,392,404,360,294,254,108,90
43129,Female,82,81,97,98,99,136,134,140,124,131,95,115,124,114,78,58,32,33
43129,Male,82,90,102,106,100,141,176,177,176,160,101,132,129,89,59,58,30,13
43133,Female,111,109,127,111,155,171,195,203,192,154,142,196,206,165,114,92,62,123
43133,Male,111,130,126,156,160,204,236,225,219,265,197,209,199,177,109,61,38,42
43167,Female,97,96,128,155,245,293,245,224,196,165,159,174,168,178,107,104,47,50
43167,Male,92,118,96,164,233,253,249,326,306,250,202,182,189,151,115,74,34,29
43171,Female,187,246,271,221,201,205,278,317,353,266,261,286,316,279,197,214,156,204
43171,Male,226,243,281,245,192,220,228,309,326,259,264,270,302,249,178,179,92,114
43186,Female,55,57,72,296,845,786,614,387,272,138,107,116,130,77,49,27,22,27
43186,Male,59,62,74,129,342,456,460,433,347,234,163,115,111,92,65,38,18,9
43191,Female,46,49,45,97,164,168,148,114,126,113,105,110,113,76,59,44,27,27
43191,Male,53,48,72,88,143,180,159,166,172,123,110,131,97,93,77,55,27,15
43203,Female,71,63,63,74,182,243,266,183,149,132,105,104,95,96,73,46,30,24
43203,Male,77,75,61,82,139,276,304,237,222,179,116,119,96,97,52,38,11,17
43218,Female,105,144,153,140,253,320,314,326,279,193,109,137,125,118,72,61,40,29
43218,Male,101,143,131,125,256,405,346,389,504,423,247,215,181,130,101,76,29,12
43222,Female,121,179,210,214,186,163,203,248,260,235,232,276,245,224,196,147,105,131
43222,Male,132,180,190,220,177,193,205,224,277,235,212,246,272,228,174,124,68,75
43237,Female,117,112,148,122,139,149,202,179,181,143,125,140,135,106,59,40,30,24
43237,Male,116,136,136,143,126,182,231,224,193,150,134,147,129,102,59,45,17,12
43256,Female,91,79,119,125,89,122,117,142,149,112,102,131,148,115,73,61,36,51
43256,Male,85,94,121,109,104,104,126,141,132,119,122,130,109,100,79,51,33,16
43261,Female,73,75,112,90,75,82,105,109,109,107,133,126,120,103,88,78,39,49
43261,Male,64,100,103,90,76,79,83,95,97,92,108,135,134,100,99,67,41,33
43275,Female,105,125,121,94,114,112,156,155,139,96,89,107,130,95,48,64,75,109
43275,Male,115,124,106,106,91,108,137,157,130,100,106,113,113,93,54,42,40,37
43294,Female,56,60,106,81,91,82,108,117,126,110,109,148,131,91,81,55,44,50
43294,Male,50,63,101,105,88,106,136,144,144,137,148,134,135,79,77,53,23,17
43307,Female,84,107,109,93,95,92,127,135,120,90,90,118,102,79,39,51,21,24
43307,Male,98,120,116,107,114,118,138,147,122,89,105,93,75,73,42,39,16,11
43311,Female,96,108,139,151,148,180,191,216,180,164,148,190,192,149,126,99,57,51
43311,Male,102,129,143,159,176,206,230,246,263,200,197,197,192,140,129,80,38,21
43326,Female,80,94,104,123,156,210,157,152,120,133,119,130,127,90,51,33,26,35
43326,Male,58,98,102,153,178,283,336,439,402,301,239,155,122,111,53,35,23,18
43453,Female,46,40,47,173,390,642,540,344,226,91,79,70,93,78,79,52,38,34
43453,Male,41,52,64,115,247,569,741,761,618,330,172,99,100,82,58,49,18,16
43468,Female,26,37,33,57,59,69,77,93,62,66,62,57,45,20,23,33,17,13
43468,Male,30,50,53,50,44,84,137,137,102,92,103,99,62,29,31,16,9,19
43504,Female,120,160,216,163,215,236,258,268,275,211,220,265,286,217,151,104,82,75
43504,Male,127,161,190,187,213,254,303,310,297,328,241,250,288,225,145,92,50,43
43538,Female,28,60,52,61,62,76,104,81,93,88,64,84,72,43,38,23,17,14
43538,Male,48,55,69,62,52,94,101,108,116,98,68,86,91,58,32,21,8,8
43542,Female,59,56,70,74,63,80,95,104,93,81,80,82,82,51,35,35,24,13
43542,Male,57,62,80,65,71,107,108,123,125,81,98,87,87,63,40,28,15,16
43557,Female,19,20,47,41,37,42,50,55,61,47,49,51,69,62,45,43,26,16
43557,Male,24,33,35,43,37,45,51,65,76,60,58,73,88,66,62,48,19,13
43576,Female,420,455,430,1544,7564,11769,6533,2833,1086,647,448,431,425,342,221,161,111,74
43576,Male,433,463,467,966,4584,8276,6638,4479,1749,886,634,487,435,336,217,149,70,33
43581,Female,160,206,276,210,130,145,216,275,317,280,199,195,197,196,136,145,73,57
43581,Male,202,263,250,207,171,142,198,274,280,287,223,162,187,161,147,120,55,39
46019,Female,180,158,135,327,1525,1810,1314,728,374,248,186,200,169,135,83,81,48,43
46019,Male,170,137,132,293,1215,1874,1855,1484,951,645,323,236,197,128,74,56,36,20
46023,Female,48,37,50,50,70,74,95,112,80,67,65,68,98,79,41,30,16,37
46023,Male,47,47,58,78,63,77,129,123,138,104,62,83,77,76,72,28,14,9
46057,Female,171,184,210,223,210,246,327,324,276,234,217,272,259,203,129,110,68,69
46057,Male,177,222,238,263,215,252,334,342,304,296,243,266,246,198,125,87,48,29
46061,Female,83,132,140,403,1505,2332,1747,711,346,242,201,196,177,141,92,72,68,48
46061,Male,90,126,139,405,1328,2503,2585,1964,1146,666,390,259,209,148,109,65,31,30
46081,Female,204,250,274,252,260,379,362,403,359,265,293,334,386,309,221,186,122,106
46081,Male,220,259,260,256,263,342,419,396,415,308,287,327,354,310,222,141,84,55
46095,Female,76,93,73,81,90,119,135,143,120,97,84,108,112,84,59,37,26,26
46095,Male,72,81,95,87,81,137,171,184,152,125,115,97,98,94,65,30,13,8
46112,Female,131,158,174,173,160,164,219,233,198,188,175,178,180,144,102,94,60,46
46112,Male,157,167,193,185,166,207,262,252,222,214,164,179,159,141,91,68,39,19
46127,Female,30,34,29,28,120,243,177,130,68,45,38,39,37,36,23,18,9,10
46127,Male,32,18,25,36,89,220,192,164,147,100,76,52,44,31,21,17,10,7
46131,Female,85,103,93,96,98,157,212,188,144,113,108,129,135,120,98,55,36,41
46131,Male,94,108,98,100,118,154,193,210,186,144,132,147,162,110,77,56,38,11
46146,Female,113,134,135,113,118,177,199,208,188,136,103,132,137,104,93,64,40,41
46146,Male,98,141,133,139,109,149,166,216,217,140,115,150,123,122,70,49,28,18
46151,Female,107,81,81,64,57,115,128,127,123,83,65,56,55,57,43,38,14,16
46151,Male,100,82,81,63,74,84,133,159,100,125,86,74,72,64,59,28,22,12
46165,Female,96,85,99,80,97,134,170,141,134,109,121,141,122,107,89,65,48,39
46165,Male,93,91,103,98,116,157,189,171,167,136,120,148,152,143,88,68,36,23
46184,Female,185,210,224,197,316,488,515,458,350,262,203,230,215,171,146,110,70,56
46184,Male,186,208,244,208,266,428,526,528,429,317,220,237,263,190,107,82,45,26
46201,Female,69,99,83,122,107,105,144,150,128,91,96,121,150,88,64,55,35,34
46201,Male,96,91,96,97,106,107,120,136,126,105,93,120,139,95,65,43,20,18
46216,Female,295,333,348,357,273,363,483,497,505,386,398,509,576,483,312,277,172,150
46216,Male,320,350,413,338,308,388,481,521,415,383,371,473,519,426,298,263,127,59
46235,Female,110,125,140,133,144,192,247,229,174,147,141,186,213,169,117,87,36,50
46235,Male,128,134,151,146,140,209,235,240,204,128,146,149,192,140,88,50,21,20
46292,Female,81,103,114,111,78,116,118,124,109,91,111,117,121,107,79,77,44,45
46292,Male,80,105,114,99,98,104,112,129,124,102,97,127,121,101,75,59,25,22
46305,Female,198,224,216,184,227,293,363,370,296,237,292,316,322,234,170,184,141,140
46305,Male,215,247,216,231,200,243,341,335,286,250,264,335,284,225,153,132,104,88
46339,Female,85,90,108,112,110,114,142,143,125,114,107,98,89,89,58,51,31,24
46339,Male,90,121,115,134,108,133,158,189,220,166,138,112,115,98,43,30,18,6
46343,Female,195,205,210,193,217,372,381,352,286,261,226,297,282,241,187,165,133,174
46343,Male,214,186,256,243,227,347,428,373,326,297,267,291,295,251,160,136,75,78
46381,Female,34,46,50,62,46,69,89,104,99,89,51,64,65,53,46,30,13,13
46381,Male,37,49,54,45,53,81,92,121,174,122,81,67,87,73,48,23,17,9
46396,Female,18,18,16,25,44,47,68,54,47,25,29,38,36,25,25,19,10,5
46396,Male,28,17,19,24,37,74,79,101,152,80,75,62,62,52,46,24,6,6
46428,Female,77,138,142,147,98,126,198,254,292,211,183,126,153,111,72,37,25,22
46428,Male,81,146,159,134,109,116,173,247,325,268,159,136,139,114,62,28,14,5
46447,Female,31,31,41,27,40,81,77,84,68,41,33,45,42,32,29,7,6,5
46447,Male,38,43,38,44,38,73,99,104,109,69,65,53,66,50,32,17,5,1
46451,Female,273,302,305,353,304,387,478,421,396,348,327,341,368,295,208,140,68,76
46451,Male,265,294,351,329,284,362,423,469,404,319,312,287,306,262,172,86,35,30
46471,Female,50,57,108,88,73,77,89,103,102,76,96,93,94,61,49,29,8,19
46471,Male,54,81,81,93,90,94,90,86,91,71,69,71,70,56,41,26,12,6
46521,Female,132,163,206,198,181,197,260,273,222,203,210,205,247,192,137,107,76,87
46521,Male,145,193,209,215,181,200,270,281,243,200,213,230,218,185,133,95,40,36
46555,Female,48,49,68,66,81,121,120,123,108,95,93,122,132,123,82,67,28,36
46555,Male,39,62,67,97,85,115,136,150,151,94,112,96,126,107,70,54,25,24
46560,Female,58,77,80,112,160,260,249,189,182,134,121,162,185,134,117,88,59,68
46560,Male,66,89,99,89,141,233,248,232,217,181,164,149,176,130,123,60,53,23
46574,Female,14,17,17,19,27,37,52,27,34,30,27,43,45,26,30,25,11,8
46574,Male,11,16,23,31,42,55,57,63,55,60,42,51,50,53,27,25,13,6
46606,Female,54,63,64,53,80,114,133,142,128,109,84,107,97,126,86,59,28,35
46606,Male,61,73,90,73,91,121,140,161,165,98,82,117,128,112,78,56,21,24
46611,Female,46,47,43,50,46,67,73,94,65,53,49,72,52,44,36,29,10,10
46611,Male,43,44,45,39,48,75,96,109,97,81,59,57,73,69,54,40,12,5
46625,Female,137,121,126,137,215,595,613,408,286,220,166,172,177,156,121,110,65,85
46625,Male,124,113,130,124,183,456,576,478,322,279,187,224,212,160,119,79,42,40
46630,Female,207,235,260,244,218,248,296,324,271,239,216,250,214,186,154,89,48,31
46630,Male,180,235,259,252,192,252,293,379,331,266,243,227,201,169,113,71,33,15
49041,Female,219,240,255,327,403,531,509,413,399,312,296,294,307,268,184,131,89,103
49041,Male,220,226,315,391,403,693,722,627,571,557,415,446,320,268,205,150,53,30
49074,Female,115,102,72,85,216,378,370,238,149,117,80,76,79,97,46,45,16,22
49074,Male,138,114,76,75,196,405,425,350,236,150,120,128,112,94,45,31,16,15
49093,Female,43,48,51,55,54,82,85,88,75,53,44,67,52,63,37,27,15,17
49093,Male,40,39,52,63,69,135,135,155,146,131,94,92,86,86,66,35,15,21
49106,Female,122,105,133,149,134,246,275,231,220,173,168,177,193,193,134,111,69,68
49106,Male,123,127,153,152,149,352,503,711,530,413,236,196,162,144,127,80,53,32
49130,Female,57,45,80,88,112,385,371,231,179,154,128,121,106,90,82,65,39,39
49130,Male,61,58,77,72,82,272,334,248,227,216,167,126,137,98,73,55,19,17
49144,Female,153,174,203,230,242,275,334,296,295,286,278,328,361,364,312,206,163,174
49144,Male,179,198,217,260,255,283,321,322,322,299,262,313,322,315,257,211,111,96
49159,Female,136,217,248,239,187,165,196,256,274,271,266,260,262,237,177,170,113,137
49159,Male,166,215,267,249,192,176,176,227,245,282,265,236,234,209,153,138,87,81
49178,Female,170,158,196,202,234,353,306,254,239,214,148,119,121,108,76,59,51,44
49178,Male,163,151,184,229,305,441,391,317,295,285,226,206,146,118,76,55,37,22
49197,Female,49,54,67,69,53,51,85,96,81,70,71,90,85,76,62,59,36,43
49197,Male,42,74,61,63,59,64,87,87,88,78,72,101,67,74,64,42,30,22
49200,Female,104,65,87,94,116,281,353,297,214,189,163,204,167,115,90,86,49,52
49200,Male,96,71,102,116,123,216,312,286,240,188,186,154,137,113,79,79,35,33
49214,Female,194,258,242,227,192,189,214,313,305,297,258,247,284,275,258,268,149,133
49214,Male,188,264,283,224,189,158,233,295,311,289,251,225,211,233,236,225,139,85
49248,Female,203,170,103,93,120,336,434,388,298,189,126,157,158,142,131,107,62,76
49248,Male,202,161,115,92,120,227,388,402,333,210,172,200,183,141,133,87,42,40
49267,Female,82,102,117,107,144,261,325,237,215,144,123,120,118,115,86,60,35,45
49267,Male,110,109,101,136,152,258,276,290,244,184,172,153,132,113,95,62,32,16
49271,Female,99,86,96,127,160,467,462,307,208,197,153,170,197,165,158,87,63,56
49271,Male,93,82,105,143,151,313,407,295,243,197,177,180,150,150,116,88,51,27
49286,Female,57,48,44,48,77,277,341,230,129,125,90,94,83,57,40,32,27,11
49286,Male,57,43,51,42,61,201,275,232,173,111,102,76,80,55,40,34,15,8
49318,Female,49,38,27,27,44,151,192,144,95,58,49,63,49,49,50,34,25,25
49318,Male,63,37,28,30,35,96,164,136,114,79,77,75,72,72,45,34,17,19
49337,Female,369,558,763,626,405,315,389,621,733,673,499,463,393,401,351,351,214,205
49337,Male,411,691,814,608,401,313,331,490,673,694,539,439,392,365,302,266,169,133
49375,Female,76,68,80,75,62,87,117,116,101,70,58,84,53,57,47,23,15,24
49375,Male,78,101,87,80,70,86,94,102,87,69,59,65,62,54,35,35,15,13
49445,Female,89,113,176,158,123,87,103,128,176,194,179,149,157,171,143,114,75,70
49445,Male,98,147,186,169,157,119,130,112,153,164,183,168,126,158,120,94,62,51
49464,Female,36,70,131,97,77,51,59,82,92,122,87,94,88,67,85,100,108,209
49464,Male,44,77,113,100,85,51,51,63,91,116,88,96,88,83,65,71,73,94
49553,Female,129,145,140,105,85,272,435,317,306,169,145,126,123,121,91,83,68,77
49553,Male,143,134,134,100,90,200,364,297,318,187,183,140,124,88,93,68,31,46
49604,Female,91,116,115,105,169,278,280,269,215,180,161,186,170,132,117,64,53,45
49604,Male,115,133,143,136,189,281,341,315,308,239,179,195,180,162,119,85,43,32
49619,Female,61,90,91,98,88,73,75,83,101,97,92,115,128,96,86,94,79,64
49619,Male,76,82,98,112,107,70,73,80,80,81,91,116,93,93,77,73,55,49
49623,Female,142,187,270,314,244,189,203,232,257,276,336,344,349,260,240,185,170,197
49623,Male,154,198,260,313,268,243,207,228,248,259,292,309,299,258,196,154,106,97
49638,Female,175,224,300,314,209,210,179,244,332,322,362,296,329,330,323,300,201,196
49638,Male,194,242,359,307,244,200,215,216,270,319,291,309,320,265,261,228,126,119
49676,Female,97,117,120,96,117,137,142,146,125,90,90,82,67,61,40,22,14,20
49676,Male,98,108,111,133,111,180,175,195,170,143,121,94,79,85,51,26,19,18
49681,Female,168,185,167,137,176,410,592,465,385,315,282,254,245,226,172,138,79,141
49681,Male,153,192,179,176,156,323,495,472,444,371,329,273,228,183,139,135,65,44
49712,Female,28,29,31,44,60,135,130,88,74,62,62,57,58,44,44,30,20,21
49712,Male,35,27,31,43,31,101,129,105,81,107,74,67,80,54,43,30,21,17
49751,Female,261,343,335,349,322,361,410,447,399,344,324,384,373,307,220,153,84,58
49751,Male,293,331,376,344,298,411,448,472,415,377,361,362,355,282,195,136,54,33
49765,Female,179,257,303,254,262,389,403,399,388,289,267,293,327,311,209,180,104,106
49765,Male,249,236,270,309,310,379,434,486,455,350,314,328,340,269,222,132,72,30
49770,Female,109,140,138,145,131,186,253,212,195,147,156,178,187,199,138,87,52,57
49770,Male,118,146,145,139,132,180,219,222,182,157,163,158,162,164,125,74,45,22
49784,Female,192,347,453,432,286,215,246,322,441,453,415,370,359,279,249,239,173,231
49784,Male,195,345,469,447,330,292,269,321,373,430,388,387,304,273,201,199,138,133
49801,Female,89,112,131,123,134,166,156,133,136,107,91,79,45,39,26,28,6,18
49801,Male,105,93,121,146,148,281,279,370,367,315,224,181,99,84,52,20,10,18
52005,Female,205,171,203,205,276,461,481,382,352,282,237,212,266,222,155,93,83,60
52005,Male,188,179,199,218,325,552,615,570,517,430,300,288,267,216,136,95,67,41
52024,Female,98,131,126,142,106,188,203,163,163,144,113,149,139,120,95,59,51,56
52024,Male,94,127,140,120,149,162,206,187,181,152,154,127,135,97,73,52,20,24
52039,Female,123,152,154,165,197,262,225,198,183,141,118,141,142,112,75,63,40,53
52039,Male,133,148,164,186,223,376,333,332,308,255,197,174,149,123,79,56,28,27
52043,Female,149,174,173,235,192,195,249,234,230,182,201,193,272,209,122,108,72,84
52043,Male,142,165,160,179,177,220,247,252,233,195,195,241,218,181,131,79,37,31
52058,Female,90,88,99,128,173,357,333,266,210,178,137,167,180,179,130,131,96,135
52058,Male,108,115,90,116,191,368,360,334,299,216,211,172,195,179,106,96,59,50
52062,Female,96,102,120,145,135,177,193,196,200,167,160,195,209,165,143,100,70,52
52062,Male,102,112,127,150,156,174,229,222,226,200,156,212,192,162,123,83,37,24
52096,Female,103,88,120,139,120,198,198,198,171,144,146,156,177,165,83,63,45,41
52096,Male,108,101,118,122,145,190,207,206,190,160,151,166,193,152,77,53,30,18
52109,Female,31,43,55,58,79,110,121,115,110,88,61,72,83,71,36,31,30,14
52109,Male,38,40,57,70,88,148,132,155,176,128,95,108,84,81,51,35,8,13
52128,Female,214,235,277,307,286,372,389,423,350,302,289,351,362,350,231,181,108,100
52128,Male,230,270,306,320,331,342,478,458,405,357,295,358,324,305,206,146,74,47
52147,Female,66,67,76,68,63,83,86,105,78,77,53,60,72,42,37,25,14,8
52147,Male,71,59,78,77,62,73,107,116,113,71,57,66,67,42,31,21,12,7
52151,Female,67,90,95,104,80,167,197,194,157,161,150,152,155,137,105,96,56,55
52151,Male,71,83,112,97,102,147,201,176,191,165,146,139,152,130,112,93,33,29
52185,Female,96,113,143,146,82,109,160,161,161,139,102,158,157,151,90,87,42,48
52185,Male,94,114,127,144,95,101,132,154,160,144,127,124,127,116,88,66,29,30
52202,Female,63,66,58,56,96,185,216,140,99,85,74,98,96,94,59,37,29,38
52202,Male,74,68,61,46,101,218,297,298,193,131,109,126,102,98,56,43,14,10
52217,Female,24,23,36,33,52,92,79,81,61,41,58,48,57,66,31,39,18,14
52217,Male,20,27,33,38,61,122,125,108,90,60,66,74,66,61,47,24,18,10
52221,Female,168,192,201,185,188,251,283,252,224,199,190,208,222,195,123,90,56,74
52221,Male,191,189,205,208,187,267,257,287,239,190,180,229,207,165,109,61,36,32
52241,Female,178,193,199,199,257,355,383,332,302,254,196,181,179,169,116,76,50,36
52241,Male,171,193,237,254,296,429,449,463,407,305,254,207,193,176,112,75,29,22
52255,Female,236,281,315,263,280,313,356,379,365,310,281,270,220,215,152,114,56,54
52255,Male,305,276,295,331,302,326,348,351,353,325,278,279,260,190,137,77,35,26
52260,Female,26,29,44,53,37,43,50,64,60,48,48,52,48,49,19,17,16,12
52260,Male,44,40,38,44,62,95,92,89,83,86,72,60,69,71,46,20,12,15
52293,Female,131,165,205,189,146,159,224,220,222,167,160,166,166,132,68,60,35,37
52293,Male,155,174,185,176,158,181,203,209,172,184,146,157,151,118,79,47,33,18
52330,Female,88,108,91,107,113,143,177,161,163,108,106,131,157,146,95,71,36,71
52330,Male,86,95,120,101,121,151,197,200,171,130,138,136,162,122,94,54,36,25
52344,Female,149,164,194,204,188,185,217,254,237,220,240,267,253,191,127,84,60,59
52344,Male,144,196,190,190,170,172,209,215,218,224,204,247,245,203,112,84,45,34
52359,Female,154,187,210,244,239,290,316,323,287,285,285,285,341,308,247,151,97,104
52359,Male,171,200,247,249,258,318,330,351,335,286,283,302,305,271,207,108,72,45
52400,Female,144,153,202,191,174,215,245,249,215,172,191,212,241,186,124,65,43,47
52400,Male,136,147,192,200,200,226,233,239,232,178,188,179,210,181,90,72,36,15
52414,Female,84,115,131,150,135,130,186,188,180,161,167,182,186,182,121,96,68,58
52414,Male,90,130,143,180,171,159,175,188,179,168,135,156,132,150,101,75,48,24
52429,Female,225,239,280,286,307,438,456,425,363,332,303,307,315,284,218,166,103,112
52429,Male,236,243,253,264,330,441,497,483,441,376,394,362,300,241,200,145,63,75
52433,Female,70,76,89,99,78,88,120,124,116,105,84,102,105,98,79,72,56,58
52433,Male,80,91,110,95,79,107,120,134,128,117,112,136,109,99,89,65,48,24
55003,Female,104,144,163,173,138,167,212,199,199,175,198,276,279,205,168,158,119,103
55003,Male,139,154,156,166,114,159,199,191,180,171,191,215,274,238,174,133,82,83
55041,Female,260,325,402,391,301,332,448,457,439,470,530,663,713,627,561,510,331,346
55041,Male,277,346,403,388,340,357,422,470,446,457,514,641,671,556,503,436,276,204
55075,Female,8,4,14,14,8,8,9,10,16,17,30,33,36,42,42,26,20,10
55075,Male,6,14,18,12,10,6,13,9,13,18,21,36,41,28,37,37,19,11
55080,Female,34,41,58,59,44,48,51,51,71,78,98,130,118,97,97,120,66,53
55080,Male,36,41,65,77,67,50,57,58,69,82,79,134,134,125,97,91,59,36
55145,Female,58,56,67,67,59,52,80,79,83,55,83,110,89,90,75,70,46,43
55145,Male,63,66,88,66,61,75,111,86,105,71,91,114,133,95,83,59,46,18
55183,Female,11,19,28,14,10,17,21,21,18,29,40,47,51,37,27,32,18,23
55183,Male,18,17,29,29,10,14,25,31,17,22,28,39,51,46,34,31,23,10
55201,Female,51,55,72,76,52,55,62,83,87,89,90,94,141,153,109,104,70,103
55201,Male,52,58,70,52,71,63,65,90,74,70,87,96,115,139,103,97,65,44
55220,Female,28,48,40,55,39,40,54,44,38,46,62,84,98,92,72,86,50,55
55220,Male,47,30,55,42,29,48,59,41,54,36,66,70,86,98,61,73,38,34
55249,Female,18,31,29,23,17,20,37,23,34,31,46,48,55,68,46,41,31,27
55249,Male,18,26,32,29,16,30,16,33,38,25,42,44,63,67,51,43,33,15
55253,Female,13,13,13,22,22,16,15,19,21,27,31,48,55,46,32,38,16,12
55253,Male,10,8,21,16,12,22,22,22,25,29,27,54,57,37,38,37,21,14
55272,Female,4,11,13,6,7,12,13,12,13,8,16,25,31,26,20,15,13,12
55272,Male,8,10,12,9,8,10,12,22,17,19,14,22,41,23,33,14,5,4
55287,Female,27,46,42,63,44,39,39,56,55,56,76,130,110,132,110,100,64,63
55287,Male,35,44,65,60,50,43,51,72,58,64,62,108,126,134,115,93,71,43
55291,Female,22,29,33,25,30,29,42,42,37,53,63,70,83,82,75,65,42,33
55291,Male,30,15,34,36,24,38,42,44,36,47,56,86,87,78,66,68,38,18
55304,Female,15,14,11,12,12,15,24,18,26,21,29,36,47,35,39,24,15,13
55304,Male,13,13,20,18,19,14,27,30,18,34,33,50,41,40,35,28,18,13
55323,Female,262,261,390,374,303,306,387,353,424,366,417,490,580,490,386,357,241,305
55323,Male,274,331,379,373,349,363,439,401,438,377,383,524,534,512,361,384,205,165
55338,Female,260,326,369,371,297,333,378,429,446,377,418,491,472,407,367,326,218,184
55338,Male,255,399,394,465,345,390,403,392,461,425,384,463,475,383,323,301,175,112
55342,Female,2,3,2,6,6,5,9,1,12,9,11,8,13,8,8,7,6,7
55342,Male,5,10,5,1,0,3,10,10,10,11,3,11,14,4,8,5,6,9
55357,Female,23,28,43,38,28,43,54,48,54,59,64,98,140,114,98,94,64,53
55357,Male,20,24,34,51,38,55,52,59,56,56,84,94,139,110,100,106,51,50
55376,Female,203,240,311,282,269,275,337,352,368,351,352,419,458,426,348,324,237,242
55376,Male,227,277,333,321,298,322,330,382,362,355,337,401,453,439,337,299,191,148
55381,Female,94,113,137,139,72,75,105,129,141,157,162,216,236,194,199,156,125,110
55381,Male,94,120,155,134,112,104,102,108,128,136,173,199,206,193,172,178,93,65
55395,Female,14,15,18,13,8,10,17,24,26,27,26,43,46,49,42,41,18,29
55395,Male,12,11,26,20,16,14,20,30,27,26,21,39,46,43,36,51,24,20
55408,Female,70,112,99,86,65,70,92,113,111,107,134,138,127,128,99,94,62,53
55408,Male,85,96,102,87,62,68,96,91,95,97,110,151,118,108,111,71,60,38
55412,Female,64,74,93,109,79,90,94,109,118,136,146,171,185,146,122,107,85,61
55412,Male,73,90,127,118,81,100,82,104,111,113,145,140,175,128,114,108,67,47
55427,Female,76,76,78,97,52,77,88,99,98,97,116,130,144,127,101,101,64,77
55427,Male,67,62,83,88,73,96,95,106,79,93,102,117,131,131,110,98,51,36
55431,Female,86,133,156,149,120,102,127,170,154,176,189,211,219,213,215,193,110,124
55431,Male,102,121,164,191,126,115,146,146,154,162,180,201,250,198,201,179,88,83
55446,Female,5,13,5,4,7,8,3,14,15,11,19,17,30,21,19,19,9,3
55446,Male,9,14,9,4,4,9,11,11,18,9,16,22,24,20,25,17,12,10
55451,Female,32,36,55,54,45,45,54,77,74,64,83,105,136,105,85,68,42,48
55451,Male,45,54,55,52,58,72,60,74,64,67,84,118,112,119,84,64,41,27
55521,Female,5,14,10,12,13,7,18,19,19,17,19,35,28,32,25,21,17,9
55521,Male,14,10,12,15,12,11,19,14,15,16,25,23,44,35,29,14,14,8
55535,Female,25,29,25,24,19,28,54,49,55,45,67,90,96,102,70,55,53,38
55535,Male,20,33,32,23,27,36,47,41,60,55,56,75,99,102,83,76,38,18
55554,Female,4,6,3,5,4,4,8,9,3,6,8,11,18,13,9,5,4,9
55554,Male,4,3,3,3,7,8,9,7,4,11,9,12,14,15,9,6,1,2
55569,Female,52,52,64,68,58,61,74,78,82,84,96,93,156,124,72,79,39,47
55569,Male,45,50,63,56,72,62,69,90,92,80,95,117,122,122,105,64,46,29
55573,Female,88,110,141,118,103,137,172,191,155,175,192,202,217,201,195,152,80,100
55573,Male,110,113,152,138,125,123,168,182,182,171,188,207,196,213,175,133,75,40
55605,Female,82,75,95,87,94,115,143,111,132,106,106,150,128,117,89,103,58,65
55605,Male,71,85,95,108,82,129,140,158,134,138,104,137,147,137,93,90,46,29
55610,Female,98,104,138,150,131,164,211,204,182,191,210,231,203,164,138,122,96,96
55610,Male,105,153,164,171,165,177,194,204,186,182,204,215,218,137,138,129,61,36
55624,Female,96,119,106,131,123,167,160,186,171,169,171,207,206,156,129,112,82,85
55624,Male,90,103,127,167,126,188,205,200,188,162,166,222,203,143,119,98,76,31
55639,Female,8,21,14,23,12,22,24,32,31,25,35,29,44,29,24,30,14,16
55639,Male,14,19,22,29,17,22,28,32,28,26,36,35,51,44,28,27,9,11
55677,Female,3,6,5,5,2,3,5,9,10,9,9,4,7,9,4,4,3,1
55677,Male,4,7,7,2,3,3,4,7,9,12,3,9,6,6,5,5,2,0
55696,Female,92,83,105,77,65,52,111,103,133,110,103,149,131,125,96,125,66,51
55696,Male,72,104,112,84,74,64,90,96,94,104,103,136,169,105,90,109,52,40
55709,Female,127,133,170,168,130,148,189,189,195,206,224,251,269,224,212,170,109,91
55709,Male,146,137,180,165,133,166,189,171,192,184,197,242,252,217,204,162,117,56
55728,Female,31,54,67,61,36,45,74,62,83,88,89,119,124,85,96,76,55,48
55728,Male,67,55,76,73,66,57,56,64,72,61,92,124,124,117,81,69,38,33
55732,Female,16,22,31,35,36,31,37,40,59,47,62,64,72,66,53,42,30,32
55732,Male,12,24,38,36,36,36,46,27,55,67,73,83,72,74,48,45,29,15
55747,Female,10,19,16,27,17,21,18,24,26,40,33,47,50,40,36,37,19,18
55747,Male,15,11,21,28,26,19,17,31,27,28,45,56,52,34,49,35,19,13
55751,Female,127,174,201,180,148,149,206,214,257,215,204,235,206,156,175,128,72,89
55751,Male,133,182,194,215,126,174,166,214,195,224,238,202,189,161,134,105,65,44
55766,Female,146,171,231,204,155,175,235,246,272,255,244,280,257,182,156,145,73,91
55766,Male,142,205,205,270,142,184,208,253,233,222,214,238,219,195,159,130,52,51
55817,Female,174,201,283,272,240,254,326,320,332,316,335,370,366,292,322,281,185,192
55817,Male,206,234,260,283,223,244,286,289,325,318,379,341,353,289,257,251,154,93
55836,Female,141,189,194,179,163,224,290,301,265,231,233,220,192,167,114,74,53,59
55836,Male,136,163,199,194,200,258,302,345,345,293,236,234,240,137,113,95,55,30
55841,Female,178,226,221,212,223,291,365,313,318,303,286,370,363,310,267,217,157,176
55841,Male,196,229,224,274,273,323,378,397,379,351,343,406,380,303,235,195,114,71
55860,Female,88,106,115,95,90,115,163,159,177,137,138,133,139,110,101,92,44,61
55860,Male,80,80,120,120,85,124,152,147,191,162,136,134,133,94,115,72,42,27
55874,Female,107,111,130,128,99,106,152,182,160,166,163,193,263,205,173,126,75,95
55874,Male,108,120,105,134,116,143,144,175,186,156,148,171,187,196,153,113,63,47
55889,Female,216,231,253,252,212,294,355,337,357,293,252,257,232,174,135,111,87,83
55889,Male,230,250,256,233,207,259,354,323,298,310,256,240,208,154,125,101,60,37
55893,Female,112,121,138,144,194,240,247,240,223,194,228,234,221,194,167,130,106,110
55893,Male,131,137,161,155,162,245,244,261,268,254,187,235,209,160,139,119,64,62
55911,Female,102,130,122,119,120,149,216,212,236,205,219,221,210,184,167,141,85,71
55911,Male,95,126,155,138,135,151,183,248,203,197,215,207,227,173,138,133,79,46
55925,Female,102,138,113,134,103,115,157,132,177,170,194,213,219,187,203,219,126,126
55925,Male,84,127,144,148,119,139,135,151,168,159,197,215,214,193,171,183,118,60
55930,Female,48,51,69,72,53,69,96,79,101,96,96,123,125,147,121,103,74,70
55930,Male,50,64,92,92,73,78,90,83,95,89,101,112,130,122,124,92,61,41
55944,Female,6,6,12,14,8,18,12,7,15,8,24,27,20,20,12,8,10,6
55944,Male,6,5,8,5,13,18,16,11,9,9,14,35,26,19,16,13,6,6
56006,Female,224,226,262,265,202,247,309,334,357,317,320,365,398,337,288,270,178,216
56006,Male,222,218,248,247,249,271,337,334,360,334,321,333,348,286,255,237,122,126
56011,Female,57,78,86,62,70,95,103,102,106,95,78,74,80,67,61,43,41,41
56011,Male,77,99,97,98,68,67,96,91,107,105,80,83,86,88,48,42,33,29
56025,Female,16,33,26,35,30,30,34,47,50,45,68,63,65,69,38,56,29,45
56025,Male,25,41,37,35,24,42,37,43,42,52,53,67,55,58,50,48,33,27
56030,Female,26,38,43,42,36,39,51,42,61,55,56,82,89,67,66,48,25,30
56030,Male,33,45,36,35,37,44,56,58,52,61,62,86,78,85,60,45,26,20
56523,Female,49,50,53,63,51,79,77,79,79,86,115,123,149,117,116,85,59,37
56523,Male,48,47,61,73,68,55,104,81,79,75,107,142,127,126,114,94,50,45
56538,Female,17,15,31,35,19,15,24,29,37,26,51,61,55,47,43,47,24,20
56538,Male,17,24,18,35,22,19,22,32,31,24,43,46,51,40,44,34,24,20
56576,Female,34,22,52,49,22,26,55,49,42,46,73,95,90,66,65,57,36,38
56576,Male,33,41,27,51,37,35,42,43,48,38,61,94,101,86,61,56,33,30
60054,Female,343,400,460,470,394,456,539,570,577,563,552,546,552,393,345,305,167,126
60054,Male,400,458,507,496,433,445,517,501,554,549,494,573,478,339,293,259,121,86
60073,Female,108,127,125,135,93,113,180,172,181,169,155,156,150,125,79,101,60,44
60073,Male,126,121,158,106,117,95,151,141,148,146,150,184,120,105,61,58,47,32
60088,Female,152,130,113,90,114,128,186,212,169,146,139,153,141,94,75,55,24,31
60088,Male,148,133,109,112,106,111,146,203,175,148,145,146,130,106,67,60,27,14
60092,Female,352,356,349,356,330,482,571,577,488,447,437,413,440,389,339,309,172,173
60092,Male,363,371,404,342,348,433,569,579,538,492,455,400,422,352,315,222,145,84
60105,Female,73,93,138,153,129,118,141,128,141,182,197,181,180,188,168,137,64,72
60105,Male,62,96,147,145,147,128,132,119,133,128,176,179,165,146,128,85,60,30
60110,Female,98,106,125,155,98,150,159,142,142,157,137,182,194,173,143,107,68,91
60110,Male,95,107,116,126,142,154,165,149,155,162,160,177,197,150,111,93,44,32
60124,Female,215,167,135,152,159,226,335,292,226,196,167,215,194,139,115,73,44,41
60124,Male,210,154,178,167,125,166,309,275,272,191,188,219,180,180,100,75,36,22
60139,Female,80,104,103,93,114,130,155,177,166,144,161,160,183,160,156,113,73,73
60139,Male,97,108,122,99,111,130,158,148,171,138,144,147,153,139,120,95,45,36
60143,Female,254,305,323,313,253,268,366,408,437,390,382,373,375,328,251,202,129,125
60143,Male,252,324,371,320,298,335,323,386,457,430,367,406,353,291,206,169,90,53
60158,Female,28,42,40,45,36,64,58,49,52,47,57,52,82,66,56,44,29,32
60158,Male,36,36,38,48,53,73,87,66,59,52,45,73,70,53,63,34,14,14
60177,Female,304,374,336,289,241,266,367,467,451,367,295,266,233,179,170,144,91,71
60177,Male,292,345,356,325,249,260,320,408,419,359,306,320,233,193,146,128,59,53
60181,Female,51,98,103,87,72,103,103,122,140,124,129,111,125,128,115,104,67,75
60181,Male,72,76,98,107,97,99,106,113,145,137,144,145,126,142,106,86,53,33
60196,Female,64,52,73,77,67,89,97,100,89,77,77,85,81,69,48,38,24,16
60196,Male,80,75,57,71,80,109,116,101,103,89,60,80,67,83,53,34,16,7
60209,Female,244,165,136,123,135,213,336,312,219,160,165,144,142,107,102,81,43,34
60209,Male,212,178,129,141,116,161,285,257,240,190,180,154,117,127,98,71,42,20
60213,Female,324,408,433,413,412,492,538,536,562,467,527,585,564,434,333,296,216,181
60213,Male,328,412,439,416,413,480,527,535,523,532,479,588,592,393,309,261,128,94
60228,Female,140,133,117,115,88,130,219,182,183,120,121,134,128,97,97,85,61,33
60228,Male,154,151,131,109,86,116,176,171,160,157,158,136,147,108,85,63,36,18
61061,Female,240,293,299,298,249,311,328,384,340,337,353,378,347,289,271,233,169,158
61061,Male,245,247,306,331,274,265,294,321,347,355,334,360,323,249,225,204,132,74
61131,Female,154,149,155,176,141,213,229,245,210,169,186,206,206,149,122,88,70,54
61131,Male,157,190,174,166,146,176,213,210,170,168,169,177,180,122,113,70,39,25
61151,Female,124,143,142,155,137,194,196,210,209,186,209,263,242,165,163,129,97,91
61151,Male,141,149,181,165,174,201,207,202,206,176,196,249,207,174,119,93,59,58
61216,Female,48,73,63,80,61,60,100,79,103,77,85,96,90,84,54,44,21,34
61216,Male,55,51,57,72,57,76,96,88,97,87,83,101,71,86,55,37,14,14
61240,Female,174,170,191,188,200,236,248,271,266,210,224,297,248,219,136,108,95,74
61240,Male,155,162,218,200,205,217,229,275,253,256,226,247,254,203,153,112,57,40
61324,Female,83,126,149,156,128,137,164,152,170,200,200,180,166,152,170,179,88,64
61324,Male,97,156,152,148,135,129,144,137,183,210,206,216,190,162,148,135,67,44
61339,Female,380,480,469,483,439,547,562,597,589,540,483,524,560,577,480,336,219,218
61339,Male,391,474,494,517,458,519,555,643,641,597,457,532,524,475,398,309,169,87
61343,Female,187,238,337,351,373,374,326,370,400,361,467,525,455,380,273,211,136,149
61343,Male,228,302,354,411,361,426,368,328,370,337,424,485,448,358,266,157,95,60
61358,Female,257,315,306,331,390,438,447,408,378,397,422,559,525,401,363,397,267,216
61358,Male,266,315,356,334,354,459,436,459,450,425,499,537,517,308,295,311,184,135
61377,Female,92,121,133,156,128,114,175,171,172,151,158,152,151,127,99,87,62,43
61377,Male,86,127,174,165,131,144,125,165,179,162,162,164,123,115,90,80,41,23
61381,Female,66,89,86,75,85,108,128,111,89,102,129,149,115,87,64,76,46,43
61381,Male,86,88,104,119,111,111,132,99,102,106,133,132,133,81,60,58,31,22
61447,Female,525,619,652,646,639,753,834,818,818,753,753,778,793,686,529,399,224,257
61447,Male,567,573,642,714,647,711,845,803,853,762,818,808,822,635,474,354,171,131
61466,Female,120,131,164,185,178,175,183,204,213,197,230,251,320,263,212,134,94,108
61466,Male,112,138,161,191,179,198,230,195,228,198,197,263,289,218,184,128,56,48
61485,Female,115,139,167,166,159,170,190,228,211,179,200,223,254,200,149,127,87,78
61485,Male,120,162,171,209,163,190,195,197,216,227,208,246,276,196,149,106,77,40
61502,Female,231,320,392,405,364,388,454,427,460,457,468,582,505,452,395,369,239,198
61502,Male,236,349,358,386,365,435,433,444,450,475,484,572,511,435,322,293,174,110
61625,Female,471,539,608,659,602,662,684,750,706,706,699,783,742,605,440,360,254,206
61625,Male,438,493,685,688,614,677,729,745,718,719,680,762,753,527,384,323,141,106
61644,Female,128,156,178,195,212,229,226,224,244,234,268,317,321,254,185,187,138,172
61644,Male,128,170,218,218,233,238,216,255,237,257,279,328,383,314,178,150,130,75
61659,Female,139,160,192,170,181,199,208,215,234,222,226,241,184,157,131,124,67,52
61659,Male,148,180,189,203,227,245,220,218,241,245,258,296,255,217,171,114,61,31
61663,Female,98,161,195,175,174,200,196,226,213,224,236,267,227,154,154,96,60,56
61663,Male,122,147,185,207,206,244,222,208,203,184,213,235,220,169,129,89,55,28
62011,Female,143,146,193,177,192,206,221,257,209,221,215,248,231,179,198,149,114,89
62011,Male,132,152,204,192,152,190,193,221,206,200,221,240,245,196,147,126,61,64
62031,Female,135,174,230,239,248,250,261,243,275,270,285,307,281,297,208,169,91,68
62031,Male,152,211,182,236,262,295,277,307,270,269,289,349,296,263,196,150,71,40
62045,Female,93,92,85,85,81,110,133,131,102,88,90,89,96,98,74,36,17,18
62045,Male,87,104,82,82,73,107,115,118,117,110,106,115,85,83,75,44,19,3
62050,Female,160,190,209,223,204,292,282,268,279,237,269,303,294,267,191,178,100,88
62050,Male,169,194,225,224,240,270,258,259,285,275,247,312,258,231,178,137,70,28
62115,Female,80,92,95,94,77,98,108,135,107,105,96,97,94,99,41,49,38,29
62115,Male,77,112,87,117,92,97,96,120,127,85,118,115,110,85,62,49,26,15
62120,Female,113,112,97,98,121,124,154,146,155,117,126,118,111,113,78,62,34,25
62120,Male,118,126,120,102,111,138,156,186,175,137,133,135,113,85,86,47,21,17
62219,Female,202,210,208,198,175,238,275,262,261,246,258,263,217,244,205,185,107,120
62219,Male,191,226,222,198,152,209,233,238,258,241,243,282,207,208,220,172,101,62
62223,Female,239,273,336,285,264,306,333,378,383,353,378,433,425,409,346,294,188,141
62223,Male,254,287,330,328,269,336,348,359,382,335,392,369,407,374,308,264,153,82
62312,Female,134,162,161,220,179,167,174,207,217,244,282,395,381,343,249,242,165,154
62312,Male,131,156,198,230,202,186,187,171,223,229,275,347,365,314,265,216,136,101
62346,Female,69,81,70,77,78,93,90,85,93,80,101,120,126,94,67,83,55,38
62346,Male,61,94,88,69,76,98,90,108,88,89,96,116,108,99,72,77,41,32
62510,Female,72,133,168,142,147,131,159,169,175,165,187,237,225,199,135,127,84,60
62510,Male,103,136,139,167,146,155,152,176,177,182,176,210,227,197,145,112,84,38
62596,Female,132,181,190,225,235,205,230,231,240,262,272,290,263,230,168,161,100,63
62596,Male,138,186,223,215,210,242,222,242,243,255,278,291,272,221,158,134,66,50
62609,Female,221,310,366,417,336,414,374,429,463,455,421,443,408,314,262,267,184,171
62609,Male,261,336,390,383,372,395,430,451,491,486,499,504,427,314,243,207,132,104
62628,Female,88,101,124,108,74,99,124,127,132,120,120,127,155,132,106,94,57,32
62628,Male,81,107,143,114,94,108,114,117,127,136,122,153,136,139,104,86,50,36
62632,Female,102,137,150,165,150,176,166,181,194,194,234,284,240,216,205,177,125,159
62632,Male,105,153,196,178,172,180,171,176,185,164,188,299,229,202,205,159,105,81
62671,Female,184,195,257,247,205,249,279,310,292,263,286,305,331,304,239,183,139,116
62671,Male,162,208,254,230,223,256,273,315,316,314,298,352,343,287,214,191,121,79
62690,Female,91,79,86,97,83,105,125,114,110,104,86,115,99,62,45,45,27,21
62690,Male,85,89,95,99,84,113,154,142,125,120,104,108,95,87,46,36,20,24
62717,Female,187,279,302,296,246,250,329,327,379,378,355,369,327,317,227,200,133,123
62717,Male,255,281,296,301,276,266,299,294,382,378,351,378,336,296,225,151,73,70
62736,Female,78,111,116,125,99,94,129,145,154,155,139,141,126,119,104,95,72,85
62736,Male,101,115,139,120,112,83,119,154,178,162,131,134,165,115,113,82,45,53
62844,Female,67,76,78,107,84,95,121,122,106,93,121,159,159,116,91,82,52,31
62844,Male,78,77,106,114,89,104,109,131,121,112,136,163,157,115,90,83,51,29
62897,Female,10,28,29,26,22,24,29,61,35,33,52,49,41,52,35,26,12,13
62897,Male,6,24,37,41,37,44,66,68,77,58,73,63,80,45,44,30,13,10
62933,Female,337,384,489,524,501,579,607,566,603,569,643,716,704,610,476,368,233,236
62933,Male,347,454,502,572,524,603,643,560,596,561,595,653,655,533,383,335,166,119
62967,Female,124,146,156,188,165,195,216,202,214,194,189,215,231,195,143,142,92,94
62967,Male,146,160,188,213,159,187,230,250,215,206,217,226,219,191,124,103,66,44
62986,Female,208,283,298,229,257,285,366,377,369,285,326,367,274,226,177,171,111,71
62986,Male,222,271,294,325,251,270,325,298,329,303,290,354,303,207,149,135,80,55
62991,Female,140,131,121,110,85,138,151,156,121,110,130,155,156,130,100,90,56,64
62991,Male,117,112,92,110,94,108,136,122,147,96,133,142,126,103,99,68,36,30
63033,Female,169,165,171,194,187,220,242,255,272,248,241,259,264,242,201,164,112,91
63033,Male,168,197,188,215,188,199,231,245,227,242,222,249,242,188,181,154,67,59
63052,Female,123,138,164,142,133,150,170,197,184,156,178,229,185,163,100,97,58,42
63052,Male,138,160,147,151,149,146,161,204,203,172,161,212,201,186,114,96,58,34
63118,Female,178,248,250,247,269,280,275,301,337,320,316,433,449,408,345,289,195,201
63118,Male,208,249,258,267,276,292,281,305,343,313,317,415,378,372,289,249,130,110
63231,Female,261,257,267,259,234,298,363,358,386,332,296,317,382,398,305,190,114,133
63231,Male,264,271,250,278,243,280,332,381,354,332,254,312,360,300,277,169,88,64
63245,Female,125,154,179,209,184,202,259,257,247,211,214,306,314,258,226,183,103,126
63245,Male,166,164,181,206,172,220,268,252,239,232,223,266,345,236,191,147,73,42
63250,Female,157,173,234,205,198,246,272,249,262,205,250,333,342,285,211,175,124,113
63250,Male,177,219,178,211,191,216,315,260,258,238,246,287,331,244,181,144,75,65
63264,Female,274,344,376,404,333,363,440,478,460,454,416,500,533,519,370,305,191,195
63264,Male,256,309,399,379,375,389,474,529,489,445,403,514,509,481,349,276,146,103
63283,Female,71,91,73,90,76,103,147,129,129,81,94,159,187,159,103,67,67,70
63283,Male,68,83,84,70,86,123,170,181,151,104,111,161,171,176,111,79,34,34
63301,Female,340,347,360,349,349,482,649,581,504,415,415,509,529,424,304,261,197,199
63301,Male,425,362,391,400,365,438,561,544,492,405,397,525,474,415,274,203,111,105
63334,Female,161,139,156,163,150,190,205,208,213,186,211,205,176,166,166,133,68,57
63334,Male,134,164,153,158,163,171,207,187,224,214,235,205,175,162,126,96,59,40
63419,Female,192,214,255,208,219,281,351,336,325,262,266,271,307,242,196,191,106,90
63419,Male,213,257,250,241,218,260,320,322,321,311,288,278,267,207,180,142,84,48
63423,Female,142,162,181,191,195,259,256,237,242,219,233,269,228,219,168,152,122,102
63423,Male,145,169,190,169,180,228,272,242,261,245,248,271,230,183,163,155,96,67
63438,Female,334,332,368,327,305,389,526,447,486,385,426,409,385,321,259,259,161,164
63438,Male,340,387,389,365,339,364,468,445,456,452,418,447,374,316,243,239,112,116
63442,Female,118,174,196,164,178,183,193,231,247,226,234,252,233,213,197,192,115,143
63442,Male,114,180,187,183,181,214,200,231,279,255,273,253,228,199,185,129,93,66
63457,Female,129,157,214,209,195,238,255,287,311,232,251,260,298,253,200,168,94,76
63457,Male,149,182,197,219,185,249,302,328,336,315,270,280,284,248,182,148,80,56
63461,Female,130,148,163,194,206,177,223,203,248,214,227,227,224,236,184,128,74,63
63461,Male,139,153,163,188,179,195,209,257,241,226,233,251,223,216,172,120,71,32
63476,Female,180,128,159,169,134,196,237,223,212,186,177,209,185,146,132,114,69,66
63476,Male,159,163,153,151,145,163,216,196,209,178,188,215,175,138,103,92,51,44
63481,Female,197,177,236,263,221,238,308,284,297,274,279,281,290,234,176,166,120,111
63481,Male,224,223,239,252,220,249,273,287,268,255,261,315,304,195,169,128,104,53
63508,Female,114,157,135,145,142,171,219,215,168,151,180,236,294,230,160,140,142,156
63508,Male,124,137,135,169,123,171,177,211,196,165,179,207,239,208,128,100,76,63
63512,Female,32,41,41,38,47,53,61,55,53,55,81,81,52,48,47,52,38,26
63512,Male,30,34,39,52,41,54,66,57,68,79,69,86,78,48,53,49,28,16
63527,Female,218,237,227,259,285,314,359,356,318,292,346,394,408,366,299,294,188,178
63527,Male,230,260,247,273,277,295,314,336,337,299,326,406,362,285,238,235,159,95
63546,Female,201,231,288,303,265,280,291,352,346,269,324,339,297,280,181,155,72,55
63546,Male,244,253,288,296,290,298,323,308,350,307,291,325,277,239,187,149,43,35
63616,Female,312,411,357,426,325,401,498,514,498,407,445,519,516,427,355,299,222,182
63616,Male,327,350,423,426,351,366,415,480,459,370,440,537,448,408,321,258,163,103
63724,Female,337,486,519,549,525,507,593,595,615,609,591,701,628,461,348,323,243,286
63724,Male,377,502,611,604,605,635,682,636,658,584,615,703,621,430,335,263,170,153
63739,Female,202,298,282,250,195,131,215,318,353,319,286,311,291,314,248,227,122,106
63739,Male,224,302,287,270,208,176,166,297,320,285,281,315,257,265,234,180,121,70
63813,Female,182,248,248,214,216,235,289,328,348,330,261,332,310,343,272,211,140,162
63813,Male,211,261,254,223,179,218,252,295,339,319,273,315,290,266,219,171,104,62
63828,Female,137,171,182,229,211,229,236,238,256,241,259,335,294,275,250,222,128,111
63828,Male,132,202,219,209,219,253,268,271,292,246,263,293,267,260,213,192,118,74
63832,Female,84,84,82,108,90,96,117,105,134,91,100,119,113,95,56,47,44,50
63832,Male,87,88,93,106,114,94,93,92,107,101,108,118,139,74,45,54,22,23
63890,Female,66,70,97,100,108,84,108,123,120,111,127,140,151,130,97,101,75,56
63890,Male,60,83,102,123,99,104,144,130,127,125,151,167,177,142,97,105,49,47
63902,Female,63,53,65,55,50,66,87,94,79,66,54,71,64,65,43,44,17,19
63902,Male,60,65,65,60,58,55,72,78,84,80,54,61,63,34,33,26,11,5
63917,Female,101,113,138,177,127,136,145,180,165,178,195,273,272,232,161,131,71,67
63917,Male,106,142,157,150,161,135,162,179,170,194,227,252,311,254,170,108,69,44
63921,Female,155,260,292,364,278,296,330,329,377,411,452,486,518,469,424,348,234,263
63921,Male,167,264,306,353,294,312,332,382,363,377,451,512,488,438,379,317,171,146
65931,Male,,,,,,,,,,,,,,,,,,
65931,Female,,,,,,,,,,,,,,,,,,
70075,Female,154,289,342,317,236,186,219,258,344,391,375,368,371,328,296,267,198,203
70075,Male,184,235,319,349,267,231,192,255,310,382,363,338,366,311,283,232,150,139
70094,Female,172,163,188,189,390,724,639,450,355,346,301,340,357,279,227,218,124,135
70094,Male,160,129,216,221,237,461,526,456,381,371,325,357,315,246,204,177,97,60
70107,Female,29,40,61,167,735,679,454,259,162,117,80,80,70,80,57,52,32,28
70107,Male,33,49,63,103,369,619,685,542,411,292,163,99,96,66,54,36,22,13
70126,Female,127,121,130,102,127,176,246,228,173,143,134,135,144,137,103,111,68,68
70126,Male,103,132,140,123,118,173,198,222,203,166,150,125,142,117,101,97,46,51
70131,Female,219,300,320,295,286,253,271,355,415,385,401,409,374,379,293,360,203,270
70131,Male,213,299,391,619,540,418,236,354,369,409,362,397,342,347,302,318,208,154
70164,Female,153,169,178,196,174,204,288,288,257,218,206,219,249,176,158,157,93,96
70164,Male,154,170,201,208,189,227,261,268,253,233,208,267,238,181,144,119,58,67
70179,Female,222,169,131,184,484,1070,1225,852,521,346,235,207,171,137,87,83,38,53
70179,Male,209,197,156,138,332,850,1085,1015,751,494,314,292,205,145,100,84,39,39
70198,Female,144,128,153,138,122,225,249,254,210,180,103,111,102,108,58,42,22,39
70198,Male,134,170,176,129,116,196,251,281,277,193,148,119,120,83,54,30,15,9
70215,Female,287,381,368,337,335,524,601,599,556,410,311,292,250,213,148,114,57,54
70215,Male,339,397,365,366,332,464,595,652,579,419,347,289,271,210,146,89,54,28
70220,Female,196,238,276,220,197,273,341,403,362,326,298,344,390,344,287,255,217,244
70220,Male,171,223,316,322,245,277,357,432,411,348,310,322,329,318,261,224,133,145
70234,Female,131,154,213,204,144,231,276,330,313,274,320,294,334,279,229,196,99,110
70234,Male,140,171,198,190,194,190,269,322,309,321,296,284,285,256,207,150,91,69
70253,Female,246,316,366,310,390,560,585,520,456,368,345,357,320,228,212,227,128,126
70253,Male,267,281,368,363,373,559,579,542,525,377,350,358,368,232,197,175,85,62
70268,Female,102,83,69,153,760,1149,944,623,329,251,203,172,140,146,104,72,33,41
70268,Male,120,81,85,94,358,702,870,704,518,364,286,250,200,152,105,78,50,21
70272,Female,221,217,280,421,286,467,670,571,519,379,384,349,348,279,237,245,159,219
70272,Male,231,239,343,412,264,386,603,532,459,370,357,340,341,274,209,203,109,109
70291,Female,117,146,128,137,197,251,273,290,219,191,156,179,199,174,150,140,101,94
70291,Male,124,142,172,168,217,279,275,310,266,220,175,173,189,159,124,129,63,46
70319,Female,139,150,179,197,532,822,707,548,394,336,318,313,293,276,192,204,112,119
70319,Male,150,166,184,195,351,680,687,621,485,409,356,353,314,259,207,180,92,70
70323,Female,205,265,282,302,373,556,546,471,445,442,384,382,369,387,342,322,158,192
70323,Male,225,265,344,321,297,395,486,459,401,433,339,364,314,320,271,246,121,111
70361,Female,190,247,275,262,214,269,351,425,409,342,294,357,389,365,271,275,163,255
70361,Male,195,237,273,312,229,290,362,431,464,367,341,328,377,345,254,192,122,143
70376,Female,193,204,187,181,150,170,242,357,318,262,244,251,268,311,210,193,96,103
70376,Male,196,227,195,183,182,164,237,320,298,264,242,234,250,218,191,151,81,54
70381,Female,54,75,81,156,1199,1062,458,336,190,177,152,141,129,111,111,94,42,45
70381,Male,57,81,89,110,462,696,523,417,282,272,225,193,180,130,110,69,44,26
70408,Female,114,144,185,172,279,461,526,461,367,336,288,292,300,269,216,169,125,120
70408,Male,131,166,180,162,200,312,414,473,422,405,359,318,311,277,200,158,91,81
70412,Female,86,152,247,256,261,259,214,227,238,296,273,283,222,202,205,224,156,191
70412,Male,88,185,253,239,224,206,203,236,268,292,303,266,216,205,177,174,124,101
70427,Female,141,184,181,196,159,222,242,253,299,258,215,251,257,250,229,208,154,166
70427,Male,155,198,196,197,188,300,312,289,274,251,206,264,253,223,170,151,96,92
70451,Female,51,69,68,146,886,831,583,287,157,121,103,93,91,91,60,61,43,66
70451,Male,46,52,74,84,444,556,510,363,218,197,130,127,98,85,65,60,43,26
70470,Female,63,63,74,185,378,218,163,139,128,109,114,107,120,104,88,65,53,59
70470,Male,40,59,85,150,250,243,175,167,146,104,116,122,121,94,83,63,36,37
70499,Female,126,109,121,190,585,916,762,490,382,314,236,182,151,137,89,68,46,37
70499,Male,113,110,142,148,277,567,612,563,420,354,246,205,154,110,96,56,25,27
70501,Female,118,138,179,225,283,349,327,289,263,220,275,235,236,228,187,196,175,206
70501,Male,125,165,187,205,249,307,308,291,307,278,246,249,229,187,147,159,101,118
70521,Female,58,82,99,119,281,486,559,422,317,275,146,160,123,88,76,45,28,27
70521,Male,79,87,81,102,191,410,512,482,439,333,201,190,158,111,71,53,30,25
70535,Female,122,133,186,208,169,158,176,181,197,225,243,255,281,208,194,210,149,208
70535,Male,101,142,205,187,174,173,170,175,183,209,222,232,255,188,181,165,111,123
70569,Female,107,102,122,123,178,293,333,264,236,179,180,189,189,176,134,94,60,41
70569,Male,118,114,114,113,153,281,329,349,297,204,203,235,209,153,106,73,37,34
70573,Female,254,310,274,274,337,490,563,539,514,382,266,282,282,214,144,118,68,88
70573,Male,247,282,333,290,324,452,593,583,572,428,299,283,280,221,137,92,52,45
70588,Female,155,205,225,221,196,290,358,393,300,235,281,261,230,200,143,140,109,114
70588,Male,183,245,198,259,207,271,334,424,314,294,288,284,250,191,165,133,78,72
70592,Female,42,42,32,1326,5996,4865,2222,518,207,130,96,78,49,55,34,39,21,13
70592,Male,41,60,50,553,2737,2583,1103,358,175,110,77,94,66,63,40,33,34,14
70605,Female,137,146,164,154,142,161,206,248,221,192,222,189,239,193,139,149,90,162
70605,Male,120,181,144,164,138,163,212,216,216,201,202,223,197,173,116,130,75,50
70610,Female,164,181,236,246,331,435,396,337,294,276,250,320,341,309,270,252,171,262
70610,Male,187,192,239,237,282,397,375,335,329,292,278,284,310,267,245,197,133,129
70639,Female,198,225,261,259,374,524,559,476,420,404,405,398,444,340,281,251,173,176
70639,Male,227,238,260,269,323,487,533,523,398,409,408,339,353,323,247,196,118,100
70658,Female,132,142,180,162,152,257,378,350,299,248,220,213,229,162,166,150,96,90
70658,Male,157,143,177,169,205,290,382,361,373,316,223,229,214,169,146,106,70,56
70662,Female,473,627,680,624,594,866,1004,1037,879,626,528,479,414,339,216,171,107,92
70662,Male,495,671,745,668,645,926,1008,1046,959,803,642,539,466,354,218,133,65,43
70709,Female,140,179,200,193,147,150,192,252,270,264,216,232,190,188,145,126,91,102
70709,Male,133,150,235,204,157,142,160,245,236,234,233,233,190,143,111,124,68,59
70747,Female,97,114,135,147,163,264,363,343,282,188,172,196,183,121,102,106,53,71
70747,Male,116,119,143,133,147,249,350,336,285,258,210,215,192,148,107,97,44,34
70785,Female,221,220,225,253,345,522,608,617,505,392,353,383,407,345,257,276,225,259
70785,Male,249,235,259,236,286,436,563,594,530,463,334,370,368,289,238,232,146,146
70790,Female,121,181,237,275,319,502,415,339,292,316,277,259,270,252,221,226,158,179
70790,Male,140,188,250,260,275,395,394,365,342,360,289,274,265,221,193,183,125,94
70841,Female,67,55,86,166,768,1187,895,369,214,156,106,105,91,69,57,60,24,38
70841,Male,51,73,94,122,486,727,690,418,281,188,164,143,122,82,72,55,30,24
70893,Female,176,186,152,145,190,411,482,371,261,209,138,136,164,138,117,96,73,86
70893,Male,172,161,149,147,222,367,444,406,308,229,208,169,156,112,115,82,38,47
70906,Female,64,71,88,108,91,133,149,134,148,110,115,98,113,73,65,68,38,31
70906,Male,55,71,100,108,114,143,165,167,179,152,139,129,116,84,70,46,27,26
70911,Female,202,250,285,290,260,412,461,462,380,310,255,275,262,259,224,229,120,103
70911,Male,198,243,302,294,282,445,515,498,485,427,317,279,249,224,174,184,75,58
70925,Female,21,15,25,241,1488,634,204,79,57,31,50,56,50,29,37,51,27,31
70925,Male,11,24,27,311,1926,2422,1405,906,443,249,48,52,34,33,37,34,23,17
70930,Female,265,414,512,384,252,265,316,459,580,552,494,427,458,412,388,396,267,250
70930,Male,302,395,482,456,344,290,306,424,527,494,517,454,441,376,337,357,208,172
70963,Female,,,,,,,,,,,,,,,,,,
70963,Male,,,,,,,,,,,,,,,,,,
70978,Female,174,213,291,300,272,282,353,341,378,283,214,226,178,151,95,62,42,32
70978,Male,178,246,308,355,313,359,362,428,379,344,300,274,208,141,88,58,23,27
70982,Female,106,96,93,74,193,521,592,449,267,179,112,109,86,81,68,27,20,18
70982,Male,127,127,92,69,135,335,516,470,373,221,132,111,104,105,56,43,21,12
70997,Female,154,207,200,183,328,538,628,546,384,297,206,223,259,244,174,130,73,91
70997,Male,162,179,223,191,259,516,652,720,569,419,283,241,229,217,162,122,59,37
71025,Female,130,150,152,139,187,343,332,302,270,226,233,240,305,253,197,198,123,251
71025,Male,121,149,180,166,182,290,346,308,265,267,223,253,241,228,190,163,88,116
71082,Female,109,154,150,159,462,878,914,743,446,307,260,198,202,138,104,110,53,45
71082,Male,119,152,148,144,314,713,857,849,770,546,380,268,211,159,110,100,36,36
71097,Female,108,187,175,200,139,160,194,235,207,198,165,186,159,166,129,120,81,88
71097,Male,135,176,209,158,145,146,215,212,202,201,159,183,183,149,129,96,62,52
71114,Female,212,189,198,184,313,655,822,754,521,407,284,264,232,231,163,160,79,78
71114,Male,221,201,211,200,226,545,813,835,663,529,389,310,289,206,164,122,66,43
71129,Female,110,196,263,267,182,127,142,222,272,313,308,299,296,230,246,286,244,271
71129,Male,152,212,321,272,245,169,133,196,240,280,314,316,280,225,206,241,167,165
71171,Male,,,,,,,,,,,,,,,,,,
71171,Female,,,,,,,,,,,,,,,,,,
71222,Female,117,145,157,228,1092,1391,909,585,395,286,191,183,148,111,90,59,45,61
71222,Male,109,123,196,170,642,1159,1042,903,632,460,288,239,182,141,86,72,42,28
71326,Female,134,133,172,208,387,724,601,430,331,328,307,359,330,221,206,172,105,95
71326,Male,137,151,162,182,266,446,611,545,472,419,345,377,337,245,200,178,74,59
71364,Female,102,85,86,116,133,265,347,347,269,224,182,160,149,133,112,99,50,40
71364,Male,116,111,101,102,125,271,337,359,300,302,215,174,196,137,86,84,35,23
71379,Female,40,69,69,574,2341,1705,559,267,151,105,59,60,55,55,47,28,25,66
71379,Male,43,75,65,323,1242,1140,632,472,271,194,119,91,86,50,39,29,23,18
71398,Female,112,109,125,143,174,363,464,357,280,256,197,217,186,132,89,71,48,58
71398,Male,136,128,152,121,149,281,429,470,349,279,242,205,179,136,80,62,38,25
71420,Female,97,129,113,101,67,75,94,156,150,123,100,126,94,86,72,67,30,34
71420,Male,80,105,149,96,66,82,106,138,134,143,129,126,92,79,65,54,24,23
71434,Female,374,336,393,379,334,528,665,658,589,446,365,333,364,319,226,197,113,115
71434,Male,396,421,373,367,296,485,611,631,613,460,376,340,330,291,192,154,68,68
71449,Female,133,174,213,202,209,288,328,287,272,256,262,253,251,212,208,189,119,190
71449,Male,136,179,221,208,167,219,268,318,291,269,259,249,214,197,186,132,104,79
71472,Female,296,308,313,308,247,363,475,483,451,358,278,250,265,242,184,163,104,77
71472,Male,315,335,340,306,279,327,423,428,415,357,289,245,227,222,173,141,63,48
71487,Female,126,155,147,109,93,148,189,228,233,119,118,121,131,95,69,60,44,56
71487,Male,153,156,149,110,96,137,152,215,197,149,105,116,121,101,66,32,21,25
76000,Female,167,196,219,189,174,180,233,262,245,211,263,253,287,221,199,170,121,98
76000,Male,178,221,211,203,155,176,237,216,250,221,263,250,264,231,162,142,102,57
76029,Female,103,169,180,157,132,96,121,156,186,184,223,272,257,238,198,197,151,179
76029,Male,111,173,173,158,119,107,117,149,178,189,223,232,268,207,178,163,137,105
76033,Female,439,521,506,694,799,780,837,781,725,631,561,623,685,597,443,393,253,265
76033,Male,438,572,583,620,637,720,758,768,764,614,579,594,628,527,394,332,175,137
76052,Female,193,206,249,230,226,273,288,320,307,292,350,440,439,394,328,321,188,161
76052,Male,201,217,240,269,223,226,273,292,293,291,343,389,432,359,293,291,171,105
76071,Female,117,146,149,130,102,116,175,198,182,159,167,191,223,223,196,136,119,110
76071,Male,147,147,139,132,150,131,165,231,165,162,160,188,178,218,153,129,89,69
76086,Female,87,108,130,169,104,88,129,129,163,173,185,211,197,169,151,144,80,74
76086,Male,91,140,145,166,135,86,128,155,127,151,188,170,195,149,122,110,51,40
76103,Female,112,170,149,178,120,142,188,201,204,165,187,207,192,221,174,135,113,99
76103,Male,117,146,167,143,121,131,167,215,172,163,169,200,185,198,162,115,87,57
76122,Female,246,249,362,309,262,374,380,386,404,334,351,368,342,298,222,184,129,114
76122,Male,236,324,328,305,263,317,361,362,367,326,310,326,347,294,183,153,99,67
76137,Female,141,230,280,287,195,152,158,250,258,317,340,403,395,375,314,340,249,294
76137,Male,157,238,296,310,221,170,199,232,258,321,291,357,387,333,293,274,202,149
76141,Female,312,311,279,267,266,415,555,578,461,378,323,395,405,360,260,251,156,148
76141,Male,348,301,271,290,237,309,504,509,430,374,332,340,353,296,207,208,98,79
76161,Female,100,125,129,114,97,113,126,141,161,165,153,181,184,144,135,108,74,52
76161,Male,97,140,177,148,101,105,110,136,150,158,156,174,166,157,121,99,62,39
76180,Female,107,151,207,166,121,100,137,176,199,183,183,184,179,169,126,102,80,77
76180,Male,95,170,203,201,126,96,103,149,176,155,189,150,167,145,116,100,52,44
76194,Female,76,87,88,55,58,50,75,107,124,93,106,115,125,121,89,122,62,59
76194,Male,87,87,77,85,51,53,64,95,84,116,102,104,107,132,89,89,61,47
76211,Female,111,134,121,107,85,94,150,195,145,156,144,180,150,143,120,97,58,66
76211,Male,147,156,136,109,82,105,142,156,160,146,133,154,156,130,90,90,56,28
76226,Female,283,349,421,484,366,410,510,499,463,455,501,536,523,444,341,306,179,201
76226,Male,330,373,412,527,435,354,469,443,425,407,470,551,512,412,311,268,163,120
77036,Female,197,186,201,181,165,208,283,312,278,228,211,205,184,169,171,155,85,82
77036,Male,187,235,232,217,207,147,221,279,261,212,212,189,182,143,121,136,71,44
77055,Female,232,250,308,259,217,270,340,372,368,301,309,325,319,286,216,219,129,146
77055,Male,263,288,304,297,266,234,312,344,364,301,312,319,279,267,188,167,118,83
77074,Female,112,122,145,171,142,136,159,207,204,168,173,187,198,159,153,152,110,96
77074,Male,126,137,156,159,144,130,188,173,170,148,166,190,192,156,106,127,87,75
77093,Female,299,293,245,203,161,212,348,436,345,297,273,241,263,232,174,214,101,70
77093,Male,277,298,250,169,157,192,261,374,374,273,240,283,233,202,173,141,87,40
77106,Female,741,830,806,650,557,707,1049,1091,939,769,662,778,781,654,476,383,258,226
77106,Male,713,846,765,733,605,640,842,1036,906,751,714,666,713,590,452,324,227,125
77111,Female,223,252,276,290,260,318,400,436,359,369,352,402,445,425,367,392,214,208
77111,Male,236,255,295,298,273,340,405,433,397,387,375,404,410,364,323,300,169,132
77125,Female,138,173,189,164,129,155,213,247,221,227,238,262,253,197,165,141,87,62
77125,Male,148,187,189,175,127,143,184,241,219,198,247,241,246,204,161,135,79,42
77159,Female,184,269,248,241,209,211,249,312,328,292,308,316,266,254,191,190,97,84
77159,Male,149,239,284,273,244,246,257,277,278,280,271,309,261,230,203,138,77,56
77197,Female,243,259,320,286,251,326,384,388,403,333,347,382,369,319,282,287,189,158
77197,Male,249,285,349,314,295,301,343,394,383,335,334,371,318,296,245,233,124,99
77271,Female,148,223,263,249,204,214,243,291,310,265,268,302,323,287,238,240,124,108
77271,Male,170,231,276,263,203,204,217,278,286,259,261,266,284,246,217,179,112,59
77286,Female,172,204,179,183,141,207,271,305,268,196,202,263,223,204,171,162,111,78
77286,Male,184,195,160,162,139,182,271,261,268,217,206,222,222,172,161,135,73,62
78010,Female,195,230,334,306,295,315,353,355,381,324,338,399,340,289,242,201,105,64
78010,Male,214,263,324,358,305,322,353,370,376,336,346,387,297,276,195,168,75,55
78024,Female,474,555,443,398,310,446,652,776,661,473,523,522,601,430,339,315,164,139
78024,Male,520,566,473,420,349,431,580,705,677,524,454,569,532,445,336,234,122,84
78062,Female,134,174,195,202,187,191,250,268,280,225,258,259,243,201,150,142,77,62
78062,Male,155,177,188,219,189,195,229,272,260,232,225,234,222,187,117,134,62,47
78077,Female,182,251,286,270,223,305,337,348,335,348,343,360,301,230,189,161,138,100
78077,Male,200,242,279,280,260,251,326,334,309,350,377,370,310,226,173,141,88,68
78113,Female,100,151,168,214,163,161,219,230,246,200,223,262,202,219,161,158,118,119
78113,Male,122,167,188,203,189,151,205,235,265,236,254,264,224,192,130,125,78,61
78128,Female,163,214,228,232,208,225,276,298,316,255,303,277,260,209,185,146,99,114
78128,Male,182,219,260,255,225,225,279,327,331,297,283,344,258,232,165,141,71,70
78132,Female,186,199,275,310,206,254,252,341,344,307,309,331,297,236,180,107,91,82
78132,Male,160,216,315,324,210,253,303,320,352,341,311,303,315,224,158,101,60,51
78147,Female,262,272,308,306,291,320,366,381,401,298,378,402,359,292,243,201,138,109
78147,Male,242,280,324,342,318,290,348,378,369,327,361,437,340,283,240,212,105,67
78166,Female,253,349,458,468,355,326,386,459,533,523,581,610,600,535,487,472,310,255
78166,Male,270,366,454,511,417,378,417,437,505,538,545,549,568,527,399,439,217,163
78171,Female,299,390,446,356,254,293,433,519,569,510,473,423,413,379,319,301,172,132
78171,Male,295,385,440,399,276,310,402,498,502,461,486,389,416,363,276,244,135,85
78190,Female,329,303,325,392,318,390,464,478,451,400,421,450,451,382,276,295,183,163
78190,Male,323,369,436,376,346,398,459,436,443,414,433,465,467,361,238,225,137,122
78241,Female,382,463,565,546,423,489,620,676,676,561,641,603,517,467,372,313,197,193
78241,Male,451,510,555,577,451,445,560,648,624,618,612,670,563,441,332,281,161,108
78255,Female,206,280,401,362,345,341,404,494,461,398,424,493,410,329,255,272,160,112
78255,Male,237,356,401,449,366,385,421,492,475,413,420,452,412,295,195,194,109,63
78260,Female,214,237,314,317,282,382,395,398,390,324,349,388,386,339,303,235,140,113
78260,Male,226,252,318,329,311,377,429,448,429,367,351,344,328,317,241,192,83,57
78306,Female,142,143,187,181,210,233,247,249,271,211,271,309,303,251,201,202,128,118
78306,Male,119,161,191,210,217,225,263,263,270,257,268,297,307,248,207,177,100,68
78311,Female,191,226,267,272,256,301,302,332,313,258,326,342,272,192,181,165,99,69
78311,Male,184,238,252,273,263,302,399,372,352,325,311,331,282,174,152,142,66,45
78330,Female,170,210,233,236,219,220,291,276,282,232,257,292,261,208,188,141,114,81
78330,Male,156,200,248,230,264,275,292,314,276,258,248,299,266,189,146,120,82,57
78359,Female,458,530,487,362,265,356,592,651,660,473,352,329,297,277,205,192,109,86
78359,Male,434,505,500,389,219,303,460,566,622,512,355,323,301,262,184,164,82,44
78397,Female,219,310,388,413,362,435,452,548,495,432,450,456,381,283,236,226,116,62
78397,Male,280,334,419,429,382,417,533,527,564,466,479,467,389,292,222,204,83,48
78414,Female,158,180,234,236,222,257,287,327,288,249,259,335,299,261,191,178,118,117
78414,Male,195,208,260,255,214,238,283,297,287,307,285,318,342,254,187,164,86,77
78429,Female,159,227,232,232,190,161,195,253,286,271,254,263,206,155,159,110,94,89
78429,Male,161,216,244,242,201,151,159,222,246,261,259,256,206,159,135,100,60,58
80005,Female,130,175,197,215,229,205,250,246,251,289,290,363,385,371,267,237,172,122
80005,Male,158,181,205,210,201,230,255,290,271,260,247,363,363,336,242,205,102,87
80010,Female,98,112,140,128,127,137,124,162,146,153,133,175,200,167,158,147,83,70
80010,Male,104,100,122,134,131,125,126,137,127,128,149,161,190,163,128,99,58,35
80058,Female,102,153,188,225,205,204,217,240,244,214,256,295,361,303,251,193,118,96
80058,Male,127,158,192,211,235,226,265,263,282,217,229,293,298,321,204,166,93,78
80062,Female,70,76,109,115,103,117,119,136,136,135,190,215,252,193,195,193,147,139
80062,Male,66,110,108,145,131,114,128,143,151,151,173,207,214,225,162,160,107,65
80077,Female,46,46,56,56,52,86,69,84,61,56,53,94,94,75,70,65,52,54
80077,Male,44,44,47,59,52,76,88,75,92,70,74,89,88,64,53,48,36,37
80081,Female,210,225,278,266,288,338,391,371,337,316,338,378,365,381,301,235,171,182
80081,Male,232,236,281,274,272,357,361,458,399,332,337,339,397,332,249,233,105,113
80096,Female,108,133,192,205,188,177,194,197,211,222,260,332,354,362,321,350,223,223
80096,Male,93,146,155,208,223,213,209,223,234,210,271,282,314,285,307,299,171,122
80109,Female,92,148,170,196,179,218,197,229,252,223,233,275,292,286,260,236,184,166
80109,Male,113,166,209,185,154,219,237,216,242,256,273,267,302,254,257,204,141,97
80113,Female,145,180,210,200,203,279,257,236,270,218,288,320,314,314,279,260,190,214
80113,Male,149,185,195,211,199,240,221,251,265,250,247,335,290,302,234,214,166,122
80132,Female,32,35,34,42,23,29,31,33,53,33,43,59,82,76,53,53,33,35
80132,Male,27,30,35,36,35,40,37,50,30,42,38,60,86,65,50,63,30,18
80147,Female,71,94,117,132,118,107,136,159,143,144,187,240,234,189,164,136,96,87
80147,Male,66,104,138,146,134,159,173,172,154,139,184,242,229,209,151,120,79,63
80166,Female,72,81,78,90,82,94,106,130,124,99,128,152,156,141,125,121,72,68
80166,Male,65,82,108,102,90,94,114,134,140,124,132,148,146,140,122,123,57,28
80171,Female,242,330,391,405,343,338,376,424,435,387,435,534,526,469,426,370,236,208
80171,Male,283,359,409,407,337,346,401,456,390,354,458,488,517,445,411,370,178,121
80185,Female,22,33,25,29,23,35,23,41,44,24,26,65,74,59,46,41,17,23
80185,Male,28,27,35,38,31,27,32,36,36,30,45,55,70,66,50,38,29,12
80202,Female,67,85,83,92,88,95,103,126,117,104,103,133,164,114,87,94,65,62
80202,Male,86,95,104,108,91,102,102,117,124,98,121,141,144,118,82,100,47,39
80217,Female,110,128,143,171,165,175,171,178,195,162,206,260,256,200,176,153,103,94
80217,Male,103,155,171,165,180,172,180,161,204,167,190,233,276,200,157,159,79,49
80255,Female,107,118,135,162,105,113,161,164,177,152,192,207,210,179,164,167,144,122
80255,Male,95,154,158,177,135,123,141,156,161,188,191,205,195,167,165,163,96,64
80274,Female,80,105,123,103,96,113,135,121,100,123,116,210,192,185,158,137,89,89
80274,Male,83,84,112,115,93,120,123,133,129,127,130,177,186,174,122,114,80,57
80289,Female,39,67,81,77,80,87,97,106,98,87,119,144,144,146,127,122,87,81
80289,Male,61,58,91,111,95,98,91,95,87,87,108,122,145,121,122,102,58,59
80306,Female,185,265,288,307,233,248,328,309,330,329,345,331,315,276,249,188,80,56
80306,Male,204,243,297,317,282,278,296,309,329,336,311,302,283,217,221,156,72,33
80330,Female,179,194,207,175,173,235,259,276,246,201,210,223,241,207,161,151,100,79
80330,Male,174,208,206,193,153,192,224,238,223,200,212,252,225,200,146,133,76,56
80344,Female,198,244,273,294,275,344,395,410,361,332,399,474,559,454,382,364,205,216
80344,Male,189,258,323,327,300,357,378,403,373,331,381,444,484,433,363,287,155,121
80363,Female,174,154,191,235,220,235,259,257,271,254,269,312,315,283,204,187,118,126
80363,Male,167,193,222,243,225,217,239,281,281,266,293,317,310,261,191,169,110,53
80378,Female,431,464,462,450,488,537,655,679,605,559,635,705,710,578,499,484,329,289
80378,Male,469,478,524,510,472,487,607,705,617,586,629,692,634,532,435,401,235,183
80397,Female,199,254,268,268,321,336,364,349,349,347,376,444,414,373,269,266,173,190
80397,Male,237,244,303,311,304,349,348,368,318,351,361,470,423,330,244,220,133,108
80400,Female,227,276,307,340,301,261,369,414,377,336,420,467,465,445,379,287,154,187
80400,Male,215,264,320,334,309,294,368,385,364,344,390,425,474,392,307,253,142,117
80414,Female,207,255,274,233,228,263,349,338,329,262,293,300,295,240,168,159,87,82
80414,Male,224,267,297,257,225,255,371,312,319,299,282,306,320,245,154,131,78,48
80467,Female,49,55,74,74,78,75,73,98,91,95,109,150,128,143,129,81,57,48
80467,Male,52,75,79,92,79,95,89,108,121,100,139,127,147,146,128,87,50,22
80491,Female,77,97,109,118,104,104,127,124,127,117,147,182,203,168,139,129,73,91
80491,Male,82,102,129,111,106,118,117,126,124,125,112,178,147,140,131,109,74,36
80518,Female,80,90,96,94,92,79,113,113,108,103,129,147,153,159,118,99,69,45
80518,Male,79,103,107,96,97,92,134,110,116,86,129,150,155,137,118,92,60,29
80522,Female,85,100,92,95,94,118,123,113,118,103,144,181,198,137,141,120,64,57
80522,Male,70,106,98,127,100,115,123,127,86,91,134,162,176,167,133,137,59,42
80537,Female,143,202,230,277,237,247,250,274,322,301,336,449,409,423,376,303,212,197
80537,Male,148,261,259,305,279,284,274,330,323,335,318,439,438,356,330,259,156,117
80541,Female,114,151,160,164,124,148,192,206,216,216,222,269,327,281,268,261,153,152
80541,Male,133,165,185,150,135,158,187,207,242,205,228,247,285,260,235,216,98,84
80556,Female,198,221,250,302,289,281,321,353,314,331,337,427,409,362,289,281,190,164
80556,Male,201,244,260,296,313,295,293,318,287,274,328,382,372,317,236,237,124,88
80561,Female,44,57,78,74,72,52,79,74,105,97,116,147,216,202,202,174,96,74
80561,Male,51,66,69,90,75,85,92,76,104,104,122,164,175,198,175,150,95,60
80594,Female,247,273,333,331,249,263,335,392,387,392,403,399,428,358,303,289,169,158
80594,Male,263,299,351,351,248,251,296,360,382,375,373,437,357,350,283,239,151,96
80607,Female,145,204,257,216,202,205,244,265,309,320,302,379,462,449,453,464,318,265
80607,Male,159,190,244,252,234,253,267,279,300,317,339,344,405,377,346,377,230,160
80611,Female,175,193,210,228,158,167,218,269,274,241,300,306,342,302,242,211,147,116
80611,Male,177,198,207,230,171,160,199,236,226,246,249,298,316,301,235,215,119,68
80679,Female,5,11,18,16,22,18,16,15,31,27,34,73,85,74,56,62,43,35
80679,Male,8,18,20,29,35,16,15,16,28,26,39,48,81,56,56,52,39,25
80698,Female,266,272,330,335,272,336,431,406,399,328,395,454,495,347,280,248,167,139
80698,Male,287,340,382,359,309,329,402,402,350,354,343,416,443,369,234,187,123,67
80701,Female,121,140,137,140,114,127,152,166,185,118,138,167,169,163,132,98,69,52
80701,Male,101,147,150,156,102,119,161,163,179,153,171,151,178,137,114,100,46,42
80720,Female,183,273,303,261,205,248,269,318,287,264,254,374,332,298,212,203,154,120
80720,Male,193,247,316,255,236,215,256,275,295,238,287,345,353,299,230,199,114,107
80749,Female,155,189,182,226,195,205,283,242,254,214,281,423,410,338,233,227,147,111
80749,Male,167,226,224,219,178,217,286,272,253,224,261,371,347,359,227,223,126,81
80753,Female,245,257,333,377,306,345,395,406,416,357,397,437,472,416,378,354,193,183
80753,Male,237,296,348,350,294,371,393,361,420,387,413,478,446,402,358,316,173,107
80768,Female,83,99,136,171,122,129,167,148,142,156,196,200,189,143,111,98,44,26
80768,Male,98,127,126,154,150,129,139,150,116,117,136,179,145,108,68,48,28,12
80772,Female,75,86,78,89,82,109,115,102,109,104,122,134,118,138,74,89,35,43
80772,Male,68,84,73,95,92,102,112,124,114,100,127,128,146,136,82,55,43,25
80787,Female,129,144,188,172,177,188,203,199,193,207,248,299,281,279,189,221,126,90
80787,Male,108,158,195,200,187,177,228,233,213,186,250,285,303,260,222,191,103,63
80842,Female,118,173,191,204,128,140,161,241,229,210,215,228,206,216,159,113,67,60
80842,Male,120,168,194,205,164,129,162,199,216,200,202,208,216,182,165,103,52,27
80857,Female,176,218,263,280,277,261,276,313,318,313,437,531,599,665,569,554,420,416
80857,Male,182,232,268,312,316,285,300,289,329,330,446,513,545,566,536,492,331,256
80861,Male,,,,,,,,,,,,,,,,,,
80861,Female,,,,,,,,,,,,,,,,,,
80908,Female,218,275,296,313,265,272,370,422,370,353,344,357,394,350,273,237,165,131
80908,Male,197,288,320,303,274,297,341,420,328,316,343,365,363,331,241,212,95,73
80927,Female,65,83,117,91,76,109,115,130,142,123,177,200,244,269,199,177,130,126
80927,Male,55,87,124,113,115,109,150,135,143,120,178,202,242,235,180,165,95,80
81012,Female,208,281,350,377,319,336,347,405,397,398,455,491,490,406,359,297,202,159
81012,Male,256,309,376,399,381,328,382,324,385,324,418,446,478,405,351,275,175,111
81099,Female,122,124,154,139,137,171,180,181,176,160,222,249,255,226,209,169,122,89
81099,Male,126,149,172,151,147,168,154,223,185,183,173,248,238,197,170,164,83,53
84006,Female,9,12,17,9,8,21,20,14,16,20,28,33,56,33,26,34,26,23
84006,Male,13,9,10,15,20,19,27,17,19,23,20,34,40,39,30,25,19,19
84030,Female,127,114,162,156,131,165,172,176,159,164,191,240,240,223,193,188,115,158
84030,Male,135,128,178,158,136,166,184,186,176,145,222,228,258,219,178,156,102,83
84063,Female,5,9,14,8,6,5,6,12,14,10,20,23,28,38,31,32,26,10
84063,Male,6,8,8,9,6,10,3,11,15,11,23,23,30,36,35,26,25,12
84097,Female,3,1,0,4,6,5,2,5,1,7,7,11,8,14,9,7,3,3
84097,Male,0,3,4,2,5,4,3,3,5,3,5,9,12,11,9,5,3,0
84129,Female,1,1,1,2,1,3,2,2,6,2,3,7,3,5,7,11,0,5
84129,Male,3,3,0,1,3,5,1,5,6,3,2,6,7,9,4,16,1,1
84191,Female,88,98,129,132,91,126,165,158,148,171,177,232,271,225,178,166,107,110
84191,Male,92,119,145,161,133,128,147,153,140,154,168,228,257,216,185,152,86,85
84237,Female,47,80,94,97,75,79,94,104,107,120,130,159,199,196,156,153,95,98
84237,Male,72,88,100,106,75,112,87,129,112,133,109,158,184,182,167,141,87,51
84241,Female,42,77,86,91,58,85,115,109,103,101,121,157,183,161,139,131,100,121
84241,Male,72,75,94,116,93,92,141,106,101,97,105,158,179,156,119,138,66,61
84256,Female,45,55,63,59,58,67,79,91,82,72,111,100,115,125,110,101,59,70
84256,Male,43,55,77,68,68,76,83,80,93,89,93,95,145,110,103,102,54,41
84275,Female,10,9,15,13,14,18,20,19,25,23,30,54,66,72,54,55,30,21
84275,Male,15,20,16,9,21,15,17,22,21,19,35,46,47,62,54,43,32,13
84307,Female,23,26,20,21,20,24,31,31,33,36,40,56,56,52,35,30,27,17
84307,Male,17,22,30,35,37,37,30,32,35,36,41,62,52,42,34,44,17,14
84364,Female,56,82,78,83,72,69,108,102,123,83,111,147,157,130,101,109,67,72
84364,Male,76,76,79,83,76,83,102,116,93,86,121,150,125,120,119,90,44,42
84383,Male,2,9,8,3,3,3,5,8,5,12,6,13,13,6,8,5,3,2
84383,Female,0,6,8,7,3,3,3,5,7,11,11,12,7,9,14,8,4,2
84415,Female,106,129,160,172,122,128,176,173,208,198,252,312,343,235,194,188,148,119
84415,Male,96,145,164,160,170,163,172,180,204,186,247,272,334,279,185,173,101,99
84449,Female,6,7,7,8,9,9,11,12,14,10,25,9,25,20,16,12,8,8
84449,Male,3,14,8,9,3,18,13,24,14,16,17,17,18,24,20,16,8,4
84538,Female,54,75,86,89,59,73,106,121,133,114,123,157,154,131,114,136,69,49
84538,Male,44,74,87,94,71,63,100,130,109,117,117,147,142,141,122,92,64,44
84581,Female,192,235,282,295,261,378,440,448,422,350,371,369,422,348,258,268,160,155
84581,Male,202,265,274,316,268,359,476,483,503,473,384,429,418,347,248,254,123,82
84646,Female,98,108,138,141,128,118,141,155,166,132,189,264,277,318,268,250,151,138
84646,Male,88,134,131,135,143,122,149,177,186,174,172,241,294,303,258,229,120,79
84684,Female,8,14,8,14,19,15,24,15,27,21,34,48,52,59,41,27,28,23
84684,Male,11,14,21,22,13,19,23,26,25,20,31,43,59,54,44,42,26,23
84716,Female,18,13,23,25,27,31,27,29,20,52,51,69,100,79,69,71,25,26
84716,Male,14,17,30,32,22,31,32,28,24,39,46,70,88,69,75,88,28,24
84740,Female,34,32,43,31,43,29,42,55,39,41,70,89,80,77,56,57,39,32
84740,Male,24,35,42,39,36,38,51,63,45,50,77,68,85,79,64,54,32,16
84773,Female,15,23,26,18,13,18,15,31,36,25,35,41,67,75,54,30,29,26
84773,Male,17,23,28,17,15,31,33,34,38,33,32,58,57,60,51,31,27,17
84805,Female,14,17,23,22,10,17,25,17,25,15,25,33,27,35,33,19,12,13
84805,Male,17,20,21,18,14,9,19,13,23,25,27,17,36,26,28,16,10,3
84810,Female,19,20,19,16,21,18,25,22,20,23,38,59,59,62,45,40,21,23
84810,Male,14,18,27,19,27,20,22,23,22,33,26,46,68,57,53,32,25,21
85009,Female,11,17,21,24,24,31,51,38,31,35,37,46,62,46,30,26,13,10
85009,Male,14,13,10,26,23,30,45,59,46,46,31,57,53,50,46,25,13,4
85032,Female,45,63,72,74,57,66,61,98,83,84,77,90,111,92,69,73,43,39
85032,Male,52,58,64,66,60,73,66,82,89,86,77,99,103,84,65,48,34,21
85047,Female,121,133,167,146,130,164,155,174,212,173,156,203,249,208,151,127,62,63
85047,Male,107,125,163,157,138,170,168,212,194,181,161,176,203,179,144,117,44,45
85066,Female,175,206,223,221,210,252,299,308,294,276,287,329,331,288,231,172,121,99
85066,Male,197,224,259,242,221,235,267,309,307,242,289,309,318,278,228,187,76,54
85071,Female,55,78,82,102,79,70,93,103,126,101,82,127,94,114,106,55,45,40
85071,Male,61,86,84,121,65,81,94,115,150,107,110,133,130,121,97,75,32,23
85090,Female,114,144,136,135,123,147,196,168,177,153,143,164,177,167,132,94,52,47
85090,Male,112,131,148,115,131,119,204,184,180,151,139,160,157,113,104,63,52,27
85117,Female,33,32,52,58,40,30,55,48,75,44,60,74,74,73,54,42,30,24
85117,Male,37,47,67,62,43,49,46,47,58,43,64,75,91,78,61,46,19,14
85141,Female,159,183,229,283,248,257,258,244,265,280,324,409,414,321,326,321,224,241
85141,Male,183,209,237,321,300,270,225,214,217,245,272,358,373,336,277,258,176,128
85155,Female,188,228,244,246,223,227,288,336,321,280,309,357,362,346,278,304,199,213
85155,Male,205,252,256,283,212,225,253,255,245,276,288,358,343,303,283,249,177,120
85193,Female,24,50,65,61,35,28,36,65,61,64,97,126,121,125,93,93,45,34
85193,Male,26,49,56,56,49,38,47,62,63,60,69,126,124,118,108,91,38,33
85225,Female,87,109,123,140,120,130,145,157,191,152,152,217,225,201,142,127,85,78
85225,Male,93,108,150,118,115,140,165,179,182,127,151,196,203,168,121,105,47,49
85230,Female,125,181,203,220,152,225,211,252,244,211,272,298,310,235,234,197,113,103
85230,Male,137,169,211,228,210,232,227,251,238,239,237,279,282,221,197,164,97,49
85259,Female,85,86,102,87,110,112,144,150,132,112,96,150,158,128,114,71,37,50
85259,Male,86,121,117,102,102,88,122,144,133,110,119,130,136,133,112,62,24,23
85403,Female,169,196,222,269,249,236,352,324,304,305,312,338,373,352,269,252,143,144
85403,Male,202,207,261,253,240,278,298,317,297,323,306,364,332,292,230,213,140,83
86001,Female,126,146,180,196,149,178,222,213,180,266,276,351,367,346,260,272,184,172
86001,Male,147,128,203,204,187,197,214,223,204,233,267,294,376,301,227,204,146,99
86177,Female,150,200,228,263,225,232,258,282,300,280,271,361,387,308,263,207,165,165
86177,Male,156,222,224,278,262,263,279,302,360,347,310,361,354,326,228,141,106,87
86181,Female,100,105,150,136,145,141,164,204,213,157,194,234,284,229,173,154,108,98
86181,Male,112,129,146,165,166,170,182,206,204,192,169,218,235,213,143,152,81,47
86196,Female,25,55,69,100,52,64,38,61,66,96,102,129,125,89,94,111,65,91
86196,Male,32,53,85,92,78,54,49,44,75,107,80,122,105,90,75,92,56,52
86209,Female,68,65,88,68,91,77,83,97,119,117,139,173,159,149,136,102,55,57
86209,Male,68,69,85,86,97,81,86,97,96,103,142,157,151,136,138,98,52,34
86228,Female,85,100,103,80,71,120,135,145,128,104,81,107,175,101,75,58,26,40
86228,Male,83,94,96,89,91,124,140,153,152,131,96,114,167,111,59,40,21,19
86271,Female,86,102,93,93,90,119,141,131,130,121,131,161,150,125,128,124,72,71
86271,Male,80,108,110,103,107,115,141,142,137,116,151,156,125,108,118,91,62,32
86285,Female,84,99,105,102,82,113,103,136,136,116,135,148,152,142,129,107,61,60
86285,Male,71,105,116,106,103,119,117,139,139,114,109,131,128,114,84,84,48,31
86321,Female,71,83,101,102,106,143,108,122,159,131,137,135,153,132,124,107,48,51
86321,Male,80,90,110,124,112,141,123,127,142,128,138,147,169,127,103,81,50,27
86336,Female,116,142,133,159,155,147,184,204,177,157,163,208,209,167,107,109,76,57
86336,Male,126,150,155,175,151,157,202,191,164,163,174,210,200,149,115,82,47,18
86341,Female,111,122,155,139,154,171,195,198,194,183,181,190,244,203,135,122,71,66
86341,Male,112,120,177,171,164,188,188,205,247,202,158,208,231,154,116,100,49,30
86360,Female,230,227,217,222,257,328,354,336,334,280,302,432,417,378,289,256,179,182
86360,Male,216,237,290,295,273,329,336,385,363,348,278,392,428,345,254,208,119,91
86374,Female,254,347,370,358,389,398,449,488,496,432,451,549,627,489,388,296,205,210
86374,Male,319,347,398,450,398,432,513,547,553,479,483,529,636,503,339,265,127,101
87019,Female,232,273,285,237,245,282,345,342,349,303,272,336,325,299,237,221,154,165
87019,Male,247,309,260,274,220,249,297,345,326,284,264,310,295,246,196,174,88,78
87023,Female,100,124,133,134,100,106,157,166,180,106,127,159,172,130,123,103,56,58
87023,Male,114,142,137,145,115,105,133,167,160,106,102,123,167,127,106,68,43,38
87108,Female,133,134,129,118,131,168,169,197,148,132,125,127,143,99,69,50,38,30
87108,Male,145,120,152,138,111,135,172,173,197,151,156,161,160,124,75,57,28,27
87112,Female,474,461,351,260,217,283,545,613,531,393,331,333,350,292,294,263,169,165
87112,Male,479,440,339,259,199,235,438,532,535,437,314,307,314,291,250,219,141,131
87146,Female,209,293,357,305,230,208,210,315,367,357,368,416,363,358,324,333,226,170
87146,Male,216,252,354,353,265,230,235,272,360,348,352,379,400,347,291,258,181,116
87165,Female,200,214,263,248,214,294,329,320,309,285,259,348,354,276,222,179,107,134
87165,Male,222,239,267,293,244,271,306,305,289,236,284,297,338,261,185,155,89,62
87184,Female,170,207,238,313,245,241,315,286,295,329,319,381,352,330,276,241,142,95
87184,Male,186,210,263,278,272,286,293,296,281,289,307,333,292,290,209,169,93,44
87235,Female,44,50,49,71,51,61,70,60,57,68,67,86,82,78,57,71,39,28
87235,Male,46,50,46,52,52,70,82,79,67,81,75,84,95,81,52,51,34,18
87292,Female,207,210,250,217,222,277,331,343,274,242,249,302,285,221,150,135,111,133
87292,Male,212,221,215,250,205,237,273,329,255,231,247,302,287,193,135,111,61,56
87324,Female,128,137,166,179,180,196,229,214,186,180,254,308,298,219,142,157,104,102
87324,Male,139,157,179,162,186,196,213,220,187,197,198,246,257,202,131,118,66,51
87339,Female,124,131,138,148,180,172,203,208,164,173,172,256,239,196,144,118,79,73
87339,Male,134,144,136,143,141,165,198,203,175,149,128,223,192,173,122,104,65,37
87343,Female,109,126,125,152,114,145,162,184,173,150,146,175,169,164,148,118,82,89
87343,Male,123,104,124,138,133,127,156,160,178,127,164,179,186,156,138,111,63,49
87358,Female,159,179,231,228,206,235,267,312,268,229,257,271,278,248,188,169,119,147
87358,Male,168,212,227,249,215,204,239,286,277,207,251,278,264,238,168,140,69,45
87409,Female,136,128,180,142,163,177,207,220,200,157,186,204,245,192,103,119,106,139
87409,Male,125,145,170,198,162,177,210,203,190,165,156,197,219,179,87,75,65,54
87432,Female,83,94,111,138,123,120,139,144,144,136,191,243,220,198,142,168,84,85
87432,Male,107,100,124,132,124,103,131,136,128,138,177,181,237,205,149,142,65,52
87466,Female,102,152,156,177,198,367,355,289,236,214,224,291,274,233,178,142,84,114
87466,Male,104,151,180,175,229,342,361,290,279,223,214,239,294,203,145,139,69,48
87471,Female,195,207,216,211,277,434,431,403,351,253,278,272,313,246,208,179,114,102
87471,Male,220,223,251,234,283,372,476,428,383,318,288,316,284,223,163,137,78,67
87485,Female,65,85,88,92,82,87,120,127,117,100,80,135,99,88,65,47,32,25
87485,Male,70,83,104,106,99,108,106,142,128,117,99,115,133,123,87,46,16,15
87490,Female,189,226,236,219,242,347,401,409,315,253,265,302,321,239,194,196,135,146
87490,Male,193,220,218,236,224,353,415,528,453,333,289,326,273,237,188,142,91,71
87502,Female,143,135,168,183,166,281,267,257,226,203,242,282,349,315,195,227,141,159
87502,Male,149,162,159,173,188,241,281,273,244,226,232,301,320,276,205,167,106,84
87517,Female,50,74,79,96,71,84,94,121,117,94,87,81,77,59,36,31,22,13
87517,Male,45,76,96,88,76,95,102,266,191,105,82,111,82,61,29,32,10,11
87521,Female,118,115,108,139,153,198,175,160,146,128,158,189,174,138,127,109,76,73
87521,Male,79,93,118,131,122,196,169,186,151,154,179,182,156,114,99,79,55,32
87541,Female,212,213,203,220,288,440,443,344,320,255,239,294,307,238,184,166,124,132
87541,Male,242,213,211,217,252,400,413,406,346,285,303,281,240,202,162,134,75,69
87555,Female,147,184,202,213,231,310,355,318,302,260,297,343,344,273,243,211,127,123
87555,Male,163,178,205,231,236,319,365,363,340,304,293,358,338,268,206,175,90,60
87560,Female,92,114,154,155,166,193,215,170,232,184,178,214,188,134,125,112,54,57
87560,Male,93,110,178,177,147,197,208,198,200,217,200,227,201,156,110,93,57,33
87606,Female,141,141,188,188,188,267,303,241,215,204,210,267,277,190,113,82,54,60
87606,Male,160,165,191,167,209,283,270,250,233,219,228,297,260,189,134,91,46,25
87625,Female,208,225,230,296,338,464,553,465,405,350,341,360,429,360,278,217,136,131
87625,Male,210,253,234,300,302,494,574,552,486,416,364,332,385,353,220,186,84,74
87697,Female,217,224,239,212,214,302,379,374,363,279,257,261,264,243,229,163,126,80
87697,Male,229,256,263,226,187,295,372,413,384,291,243,276,236,211,165,151,85,46
87700,Female,184,231,258,262,278,373,441,394,418,319,298,324,290,300,248,222,127,126
87700,Male,198,262,286,278,289,394,394,466,405,346,317,307,306,241,177,173,103,65
87714,Female,148,176,137,190,159,210,231,267,230,203,216,242,232,219,209,164,93,101
87714,Male,134,155,194,160,205,213,220,250,273,248,208,243,237,205,178,136,96,61
87729,Female,104,105,120,123,123,145,144,169,165,118,132,218,184,155,126,121,70,78
87729,Male,109,124,124,128,124,156,153,190,156,160,159,212,222,197,117,91,61,45
90031,Female,120,182,220,213,175,176,229,246,244,299,274,359,332,233,222,230,132,188
90031,Male,154,199,247,234,161,193,204,241,231,244,301,347,349,258,191,179,108,89
90098,Female,19,27,33,25,16,27,24,41,34,31,44,70,63,39,38,36,30,41
90098,Male,15,22,36,20,24,30,31,51,33,26,54,56,62,53,61,41,20,32
90101,Female,10,9,13,11,5,8,4,16,7,13,25,24,24,25,24,25,15,17
90101,Male,5,5,11,16,7,2,9,13,12,10,26,33,30,29,22,17,17,14
90115,Female,31,18,24,24,18,26,36,39,36,40,34,66,53,70,60,45,36,44
90115,Male,26,29,24,25,16,23,39,40,42,27,47,52,73,66,51,62,30,19
90120,Female,44,52,60,58,35,42,64,59,71,84,80,104,96,86,70,74,39,27
90120,Male,35,56,54,74,50,54,53,78,56,78,89,94,98,94,72,63,27,21
90134,Female,9,21,28,22,17,21,18,15,21,27,35,48,32,33,32,31,18,31
90134,Male,8,23,22,25,25,17,23,19,19,38,36,54,42,44,39,32,13,12
90149,Female,18,39,40,33,17,18,27,40,32,37,42,39,53,51,53,31,32,23
90149,Male,39,36,44,41,28,21,41,36,25,42,52,65,41,42,30,30,23,10
90172,Female,96,122,135,146,134,127,166,167,181,178,201,243,237,211,197,174,129,120
90172,Male,122,134,143,167,144,149,177,196,193,222,207,228,218,206,190,182,101,72
90204,Female,66,92,110,112,82,76,106,122,110,163,171,219,267,216,193,170,120,130
90204,Male,78,98,132,132,94,98,136,141,150,123,200,256,282,239,210,191,93,73
